id,name,sequence,target,smiles
11,"Cathelicidin-1, CATH-1, Fowlicidin-1",RVKRVWPLVIRTVIAGYNLYRAIKKK,Lipid Bilayer,
197,BP100,KKLFKKILKYL,Lipid Bilayer,
203,BP143,KKLfKKILKYL,Lipid Bilayer,
208,"BP148, BP207",KKLFKKiLKYL,Lipid Bilayer,
216,BP157,KKLFKkilkyl,Lipid Bilayer,
265,"V681 [V13K], Peptide P",KWKSFLKTFKSAKKTVLHTALKAISS,Lipid Bilayer,
447,"Cecropin (1-7)+Melittin (2-9), CAMEL",KWKLFKKIGAVLKVL,Lipid Bilayer,
491,"Cathelicidin-4, Indolicidin",ILPWKWPWWPWRR,Lipid Bilayer    Virus Integrase    Virus replication,
672,"Protegrin 1, PG-1, Neutrophil peptide 1",RGGRLCYCRRRFCVCVGR,Lipid Bilayer,
763,"MSI-78, Pexiganan",GIGKFLKKAKKFGKAFVKILKK,Lipid Bilayer,
779,Aurein-1.2,GLFDIIKKIAESF,Lipid Bilayer,
814,Gomesin,XCRRLCYKQRCVTYCRGR,Lipid Bilayer,
852,Thanatin -AMD,GSKKPVPIIYCNRRTGKCQRM,Membrane Protein    Lipid Bilayer,
904,"Cecropin A (2-8) + Melittin (6-9), CM5, CM11",WKLFKKILKVL,Lipid Bilayer,
919,"Beta-defensin 103, Beta-Defensin 3, hBD-3",GIINTLQKYYCRVRGGRCAVLSCLPKEEQIGKCSTRGRKCCRRKK,Lipid Bilayer,
976,"Beta-defensin 103 (10-45), Beta-Defensin 3 (10-45), hBD3 (10-45)",YCRVRGGRCAVLSCLPKEEQIGKCSTRGRKCCRRKK,Lipid Bilayer,
1026,"Temporin-1Tl, Temporin-L",FVQWFSKFLGRIL,Lipid Bilayer,
1076,"Ovispirin-9, Ovispirin-3",IRRIIRKIIHIIKK,Lipid Bilayer,
1240,"Agelaia-mastoparan, Agelaia-MP",INWLKLGKAIIDAL,Lipid Bilayer,
1241,"Protonectin, Agelaia-chemotactic peptide, Agelaia-CP",ILGTILGLLKGL,Lipid Bilayer,
1273,Ranalexin ,FLGGLIKIVPAMICAVTKKC,Lipid Bilayer,
1320,Citropin-1.1,GLFDVIKKVASVIGGL,Lipid Bilayer,
1441,V681 [V13A],KWKSFLKTFKSAAKTVLHTALKAISS,Lipid Bilayer,
1465,Peptide BmKn2,FIGAIARLLSKIF,Lipid Bilayer,
1584,"Mastoparan-1, Mastoparan I, MPI, MP-1",IDWKKLLDAAKQIL,Lipid Bilayer,
1585,"Polybia-CP, Polybia chemotactic peptide, Venom protein CP",ILGTILGLLKSL,Lipid Bilayer,
1739,"Bactenecin-1 [L2R,C3W,R4K,W10W,C11R], Sub5",RRWKIVVIRWRR,Lipid Bilayer    DNA / RNA,
1845,Inverse Citropin-1.1,LGGIVSAVKKIVDFLG,Lipid Bilayer,
2015,"Polyphemusin I, PM-1",RRWCFRVCYRGFCYRKCR,Lipid Bilayer,
2229,Tachyplesin-1,KWCFRVCYRGICYRRCR,Lipid Bilayer,
2261,Tachyplesin-1,KWCFRVCYRGICYRRCR,Lipid Bilayer,
2285,"PGLa-like peptide, Antimicrobial peptide 5, XT-5, PGLa-SP1",GMATKAGTALGKVAKAVIGAAL,Lipid Bilayer,
2288,XPF-SE2,GLASTIGSLLGKFAKGGAQAFLQPK,Lipid Bilayer,
2292,CPF-SE2,GFLGPLLKLGLKGAAKLLPQLLPSRQQ,Lipid Bilayer,
2293,"CPF-SE3, Antimicrobial peptide 6, XT-6, CPF-SP3",GFLGSLLKTGLKVGSNLL,Lipid Bilayer,
2363,Magainin 2 [F12W]AMD,GIGKFLHSAKKWGKAFVGEIMNS,Lipid Bilayer,
2368,Mastoparan-VT1,INLKAIAALAKKLL,Lipid Bilayer    Virus replication,
2404,Alyteserin-1c,GLKEIFKAGLGSLVKGIAAHVAS,Lipid Bilayer,
2407,Alyteserin-2a,ILGKLLSTAAGLLSNL,Lipid Bilayer,
2434,Ib-AMP4,QWGRRCCGWGPGRRYCRRWC,Lipid Bilayer,
2812,"D1 (K13), D V681 [v13k]",kwksflktfksakktvlhtalkaiss,Lipid Bilayer,
2854,"Omiganan MBI-226, MX-226, CLS001",ILRWPWWPWRRK,Lipid Bilayer,
3116,Anoplin,GLLKRIKTLL,Lipid Bilayer,
3232,Temporin-SHf,FFFLSRIF,Lipid Bilayer,
3553,"Venom protein 13a, Polybia-MP-II",INWLKLGKMVIDAL,Lipid Bilayer,
3772,CPF-C1,GFGSLLGKALRLGANVL,Lipid Bilayer,
3774,CPF-SP1,GFLGPLLKLGLKGVAKVLPHLIPSRQQ,Lipid Bilayer,
3775,XPF-SP1,GFWSSALEGLKKFAKGGLEALTNPK,Lipid Bilayer,
3776,"Magainin-AN2, Magainin-AM2, magainin-F3, Magainin-BM2, Magainin-R3",GVSKILHSAGKFGKAFLGEIMKS,Lipid Bilayer,
3785,Hymenochirin-1B,IKLSPETKDNLKKVLKGAIKGAIAVAKMV,Lipid Bilayer,
3786,Hymenochirin-2B,LKIPGFVKDTLKKVAKGIFSAVAGAMTPS,Lipid Bilayer,
3787,Hymenochirin-3B,IKIPAVVKDTLKKVAKGVLSAVAGALTQ,Lipid Bilayer,
3788,Hymenochirin-4B,IKIPAFVKDTLKKVAKGVISAVAGALTQ,Lipid Bilayer,
3821,CPF-AM1,GLGSVLGKALKIGANLL,Lipid Bilayer,
3935,Ctriporin,FLWGLIPGAISAVTSLIKK,Lipid Bilayer,
4194,Jindongenin-1a,DSMGAVKLAKLLIDKMKCEVTKAC,Lipid Bilayer,
4195,Palustrin-2AJ1,GFMDTAKNVAKNVAVTLIDKLRCKVTGGC,Lipid Bilayer,
4226,Brevinin-1CHa,FLPIIAGVAAKVLPKLFCAITKKC,Lipid Bilayer,
4227,Brevinin-1CHb,FLPVIAGLAAKVLPKLFCAITKKC,Lipid Bilayer,
4229,Esculentin-2CHa,GFSSIFRGVAKFASKGLGKDLAKLGVDLVACKISKQC,Lipid Bilayer,
4230,Ranatuerin-2CHa,GLMDTVKNAAKNLAGQLLDRLKCKITGC,Lipid Bilayer,
4231,Ranatuerin-2CHb,GLMDTIKGVAKNVAASLLEKLKCKVTGC,Lipid Bilayer,
4358,"Fallaxin, Ocellatin-F1",GVVDILKGAAKDIAGHLASKVMNKL,Lipid Bilayer,
4360,Alyteserin-2a [G3K],ILKKLLSTAAGLLSNL,Lipid Bilayer,
4361,Alyteserin-2a [S7K],ILGKLLKTAAGLLSNL,Lipid Bilayer,
4362,Alyteserin-2a [G11K],ILGKLLSTAAKLLSNL,Lipid Bilayer,
4363,Alyteserin-2a [S14K],ILGKLLSTAAGLLKNL,Lipid Bilayer,
4364,Alyteserin-2a [N15K],ILGKLLSTAAGLLSKL,Lipid Bilayer,
4365,Alyteserin-2a [S7K][G11K],ILGKLLKTAAKLLSNL,Lipid Bilayer,
4371,Alyteserin-2a [S7k],ILGKLLkTAAGLLSNL,Lipid Bilayer,
4372,Alyteserin-2a [G11k],ILGKLLSTAAkLLSNL,Lipid Bilayer,
4374,Alyteserin-2a [S7k][G11k],ILGKLLkTAAkLLSNL,Lipid Bilayer,
4393,Alyteserin-2b,ILGAILPLVSGLLSNKL,Lipid Bilayer,
4396,Hymenochirin-1Pa,LKLSPKTKDTLKKVLKGAIKGAIAIASMA,Lipid Bilayer,
4405,Pseudhymenochirin-1Pb,IKIPSFFRNILKKVGKEAVSLIAGALKQS,Lipid Bilayer,
4406,Pseudhymenochirin-2Pa,GIFPIFAKLLGKVIKVASSLISKGRTE,Lipid Bilayer,
4408,Alyteserin-1c [E4K],GLKKIFKAGLGSLVKGIAAHVAS,Lipid Bilayer,
4420,Hymenochirin-1B [P5K],IKLSKETKDNLKKVLKGAIKGAIAVAKMV,Lipid Bilayer,
4421,Hymenochirin-1B [E6K],IKLSPKTKDNLKKVLKGAIKGAIAVAKMV,Lipid Bilayer,
4422,Hymenochirin-1B [D9K],IKLSPETKKNLKKVLKGAIKGAIAVAKMV,Lipid Bilayer,
4423,"Hymenochirin-1B [P5K,E6K]",IKLSKKTKDNLKKVLKGAIKGAIAVAKMV,Lipid Bilayer,
4424,"Hymenochirin-1B [P5K,D9K]",IKLSKETKKNLKKVLKGAIKGAIAVAKMV,Lipid Bilayer,
4425,"Hymenochirin-1B [E6K,D9K]",IKLSPKTKKNLKKVLKGAIKGAIAVAKMV,Lipid Bilayer,
4426,Hymenochirin-1B [E6k],IKLSPkTKDNLKKVLKGAIKGAIAVAKMV,Lipid Bilayer,
4427,Hymenochirin-1B [D9k],IKLSPETKkNLKKVLKGAIKGAIAVAKMV,Lipid Bilayer,
4572,Kn2-7,FIKRIARLLRKIF,Lipid Bilayer,
4593,IK2,GIIKKIIKKI,Lipid Bilayer,
4594,IK3,GIIKKIIKKIIKKI,Lipid Bilayer,
4595,IK4,GIIKKIIKKIIKKIIKKI,Lipid Bilayer,
4699,Lfcin B (17-31),FKCRRWQWRMKKLGA,Lipid Bilayer,
4707,"Peptide P [K22k; A12,20L]",KWKSFLKTFKSLKKTVLHTLLkAISS,Lipid Bilayer,
4720,"Peptide P [L12,20l; A12,20L]",KWKSFLKTFKSlKKTVLHTlLKAISS,Lipid Bilayer,
4898,Arminin-1a (40-70),KPWRFRRAIRRVRWRKVAPYIPFVVKTVGKK,Lipid Bilayer,
5135,Tritrpticin -AMD,VRRFPWWWPFLRR,Lipid Bilayer    DNA / RNA,
5243,"Bactenecin-7 (1-35), Bac-7 (1-35)",RRIRPRPPRLPRPRPRPLPFPRPGPRPIPRPLPFP,Cytoplasmic Protein    Lipid Bilayer,
5248,Bactenecin-7 (1-16),RRIRPRPPRLPRPRPR,Lipid Bilayer,
5368,Magainin-2 -AMD,GIGKFLHSAKKFGKAFVGEIMNS,Lipid Bilayer,
5369,Frenatin 2.1S,GLVGTLLGHIGKAILG,Lipid Bilayer,
5370,Frenatin 2.2S,GLVGTLLGHIGKAILS,Lipid Bilayer,
5371,Frenatin 2.3S,GLVGTLLGHIGKAILG,Lipid Bilayer,
5467,Thanatin [T15S],GSKKPVPIIYCNRRSGKCQRM,Membrane Protein    Lipid Bilayer,
5499,"Transportan 10, TP10",AGYLLGKINLKALAALAKKIL,Lipid Bilayer    DNA / RNA,
5603,Mastoparan-VT2,NLKAIAALAKKLL,Lipid Bilayer,
5604,Mastoparan-VT3,INLKAITALAKKLL,Lipid Bilayer,
5605,Mastoparan-VT4,INLKAIAPLAKKLL,Lipid Bilayer,
5606,Mastoparan-VT5,VIVKAIATLASKLL,Lipid Bilayer,
5607,Mastoparan-VT6,INLKAIAALVKKLL,Lipid Bilayer,
5608,Mastoparan-VT7,INLKAIAALARNY,Lipid Bilayer,
5609,"Vespid chemotactic peptide VT1, VCP-VT1",FLPIIGKLLSGLL,Lipid Bilayer,
5610,"Vespid chemotactic peptide VT2, VCP-VT2",FLPIIGKLLSG,Lipid Bilayer,
5670,"Antimicrobial protein 1, Peptide AN5-1",YSKSLPLSVLNP,Lipid Bilayer,
5840,Temporin-La,LLRHVVKILEKYL,Lipid Bilayer,
5841,Palustrin-Ca,GFLDIIKDTGKEFAVKILNNLKCKLAGGCPP,Lipid Bilayer,
5892,Pesticidal crystal protein cry11Bb (35-60),VAPIAKYLATALAKWALKQGFAKLKS,Lipid Bilayer,
6669,"Protegrin 1 analogue IB-367, Iseganan",RGGLCYCRGRFCVCVGR,Lipid Bilayer,
6691,Hydramacin-1,XIVDCWETWSRCTKWSQGGTGTLWKSCNDRCKELGRKRGQCEEKPSRCPLSKKAWTCICY,Lipid Bilayer,
6825,LL-37 KR-12,KRIVQRIKDFLR,Lipid Bilayer,
6841,RW-BP100,RRLFRRILRWL,Lipid Bilayer,
6842,"BP307, R-BP100",RRLFRRILRYL,Lipid Bilayer,
7129,"Cathelicidin-2, CATH-2",RFGRFLRKIRRFRPKVTITIQGSARF,Lipid Bilayer,
7130,"Cathelicidin-3, CATH-3",RVKRFWPLVPVAINTVAAGINLYKAIRRK,Lipid Bilayer,
7136,Thanatin [N12Q],GSKKPVPIIYCQRRTGKCQRM,Lipid Bilayer,
7137,Thanatin [G16A],GSKKPVPIIYCNRRTAKCQRM,Lipid Bilayer,
7138,Thanatin [N12Q][T15S],GSKKPVPIIYCQRRSGKCQRM,Lipid Bilayer,
7139,Thanatin [N12Q][G16A],GSKKPVPIIYCQRRTAKCQRM,Lipid Bilayer,
7140,Thanatin [T15S][G16A],GSKKPVPIIYCNRRSAKCQRM,Lipid Bilayer,
7258,Fallaxin [L25A],GVVDILKGAAKDIAGHLASKVMNKA,Lipid Bilayer,
7259,Fallaxin [K24A],GVVDILKGAAKDIAGHLASKVMNAL,Lipid Bilayer,
7260,Fallaxin [N23A],GVVDILKGAAKDIAGHLASKVMAKL,Lipid Bilayer,
7261,Fallaxin [M22A],GVVDILKGAAKDIAGHLASKVANKL,Lipid Bilayer,
7262,Fallaxin [V21A],GVVDILKGAAKDIAGHLASKAMNKL,Lipid Bilayer,
7263,Fallaxin [K20A],GVVDILKGAAKDIAGHLASAVMNKL,Lipid Bilayer,
7264,Fallaxin [S19A],GVVDILKGAAKDIAGHLAAKVMNKL,Lipid Bilayer,
7265,Fallaxin [A18L],GVVDILKGAAKDIAGHLLSKVMNKL,Lipid Bilayer,
7266,Fallaxin [-L17],GVVDILKGAAKDIAGHASKVMNKL,Lipid Bilayer,
7267,Fallaxin [H16A],GVVDILKGAAKDIAGALASKVMNKL,Lipid Bilayer,
7268,Fallaxin [G15A],GVVDILKGAAKDIAAHLASKVMNKL,Lipid Bilayer,
7269,Fallaxin [A14L],GVVDILKGAAKDILGHLASKVMNKL,Lipid Bilayer,
7270,Fallaxin [I13A],GVVDILKGAAKDAAGHLASKVMNKL,Lipid Bilayer,
7271,Fallaxin [D12A],GVVDILKGAAKAIAGHLASKVMNKL,Lipid Bilayer,
7272,Fallaxin [K11A],GVVDILKGAAADIAGHLASKVMNKL,Lipid Bilayer,
7273,Fallaxin [A10L],GVVDILKGALKDIAGHLASKVMNKL,Lipid Bilayer,
7274,Fallaxin [A9L],GVVDILKGLAKDIAGHLASKVMNKL,Lipid Bilayer,
7275,Fallaxin [G8A],GVVDILKAAAKDIAGHLASKVMNKL,Lipid Bilayer,
7276,Fallaxin [K7A],GVVDILAGAAKDIAGHLASKVMNKL,Lipid Bilayer,
7277,Fallaxin [L6A],GVVDIAKGAAKDIAGHLASKVMNKL,Lipid Bilayer,
7278,Fallaxin [I5A],GVVDALKGAAKDIAGHLASKVMNKL,Lipid Bilayer,
7279,Fallaxin [D4A],GVVAILKGAAKDIAGHLASKVMNKL,Lipid Bilayer,
7280,Fallaxin [V2A],GAVDILKGAAKDIAGHLASKVMNKL,Lipid Bilayer,
7281,Fallaxin [V3A],GVADILKGAAKDIAGHLASKVMNKL,Lipid Bilayer,
7282,Fallaxin [G1A],AVVDILKGAAKDIAGHLASKVMNKL,Lipid Bilayer,
7386,Citropin 1.1,GLFDVIKKVASVIGGL,Lipid Bilayer,
7447,Anoplin ,GLLKRIKTLL,Lipid Bilayer,
7486,Arenicin-3,GFCWYVCVYRNGVRVCYRRCN,Lipid Bilayer,
7580,,RR,Lipid Bilayer,
7699,"Cathelicidin-related peptide, Oh-Cath",KFFKKLKNSVKKRAKKFFKKPRVIGVSIPF,Lipid Bilayer,
7700,"All-D Cathelicidin-related peptide, All-D Oh-Cath",kffkklknsvkkrakkffkkprviGvsipf,Lipid Bilayer,
7702,OH-CM6 ,KFFKKLKKAVKKGFKKFAKV,Lipid Bilayer,
7770,All-D OH-CM6,kffkklkkavkkGfkkfakv,Lipid Bilayer,
7855,Teixobactin,xISqxIStAXI,Lipid II,
7910,hBD3 (4-45),NTLQKYYCRVRGGRCAVLSCLPKEEQIGKCSTRGRKCCRRKK,Lipid Bilayer,
7912,hBD3 (7-45),QKYYCRVRGGRCAVLSCLPKEEQIGKCSTRGRKCCRRKK,Lipid Bilayer,
7972,C14-KKK,KKK,Lipid Bilayer,
7973,C16-KKK,KKK,Lipid Bilayer,
8018,"Transportan 10-2, TP10-2",AGYLLGKINLKPLAALAKKIL,Lipid Bilayer,
8019,"Transportan 10-3, TP10-3",AAYLLAKINLKALAALAKKIL,Lipid Bilayer,
8020,"Transportan 10-5, TP10-5",AGYLLGKINLKKLAKLXKKIL,Lipid Bilayer,
8021,"Transportan 10-7, TP10-7",AGYLLGKINLKPLAKLXKKIL,Lipid Bilayer,
8022,"Transportan 10-8, TP10-8",AGYLLPKINLKPLAKLPKKIL,Lipid Bilayer,
8075,(IR)2-Protegrin 1 (8-13)-(RI)2,IRIRCRRRFCRIRI,Lipid Bilayer,
8288,Ocellatin-PT1,GVFDIIKDAGKQLVAHAMGKIAEKV,Lipid Bilayer,
8289,Ocellatin-PT2,GVFDIIKDAGKQLVAHATGKIAEKV,Lipid Bilayer,
8290,Ocellatin-PT3,GVIDIIKGAGKDLIAHAIGKLAEKV,Lipid Bilayer,
8291,Ocellatin-PT4,GVFDIIKGAGKQLIAHAMGKIAEKV,Lipid Bilayer,
8292,Ocellatin-PT5,GVFDIIKDAGRQLVAHAMGKIAEKV,Lipid Bilayer,
8293,Ocellatin-PT6,GVFDIIKGAGKQLIAHAMEKIAEKVGLNKDGN,Lipid Bilayer,
8294,Ocellatin-PT7,GVFDIIKGAGKQLIAHAMGKIAEKVGLNKDGN,Lipid Bilayer,
8295,Ocellatin-PT8,GVFDIIKGAGKQLIARAMGKIAEKVGLNKDGN,Lipid Bilayer,
8425,Nigrocin-AA1,GLLSGILGAGKRIVCGLSGLC,Lipid Bilayer,
8426,Esculentin-1AA1,GIFSKFAGRGLKNLFMKGAKKIGKEVGMDVLRTGIDIAGCKIRGEC,Lipid Bilayer,
8427,Brevinin-1AA2,FLPAVLRVAAKVGPAVFCAITQKC,Lipid Bilayer,
8428,Limnochariin-1,RFCFKGTPCG,Lipid Bilayer,
8429,Brevinin-1RL1,FFPLIAGLAARFLPKIFCSITKRC,Lipid Bilayer,
8430,Esculentin-1RL1,GIFSKFAGKGLKNLFMKGAKTIGKEVGMDVLRTGIDIAGCKIKGEC,Lipid Bilayer,
8431,"Nigrocin-RE1, Nigrocin-HL",GLLSGILGAGKKIVCGLSGLC,Lipid Bilayer,
8432,Brevinin-1RE1,FLPGLECVSGKIVPTVFCAITRIC,Lipid Bilayer,
8433,Brevinin-1RE2,VIPFVASVAAEMMQHVYCAASKRC,Lipid Bilayer,
8434,Brevinin-2RE1,SFLSTFKKLAIDAAKNAGQSVLHTLTCKLDNQC,Lipid Bilayer,
8435,Esculentin-1RE1,GIFSKFVGKGLKNLFMKGAKTIGREVGMDVLRTGIDIAGCKIKGEC,Lipid Bilayer,
8436,Brevinin-1AA1,FFPSIAGLAAKFLPKIFCSITKRC,Lipid Bilayer,
8614,"Cathelicidin 4, buCATHL4B",AIPWIWIWRLLRKG,Lipid Bilayer,
8920,rApoE (133-150),PMLRVRLASHLRKLRKRLLR,Lipid Bilayer,
8921,ApoE (133-150),LRVRLASHLRKLRKRLLR,Lipid Bilayer,
8922,ApoE (133-150),LRVRLASHLRKLRKRLLR,Lipid Bilayer,
8923,"ApoE (133-149), COG-133",LRVRLASHLRKLRKRLL,Lipid Bilayer,
8925,"r(P)GKY20, P-Thrombin heavy chain (231-250)",PGKYGFYTHVFRLKKWIQKVI,Lipid Bilayer,
9230,Recombinant Ranalexin,FLGGLIKIVPAMICAVTKKCHHHHHH,Lipid Bilayer,
9296,,KG,Lipid Bilayer,
9442,Lfcin B (20-25),RRWQWR,Lipid Bilayer,
9483,"(Magainin-2)2K, (MG2)2K",GIGKFLHSAKKFGKAFVGEIMNSK    GIGKFLHSAKKFGKAFVGEIMNS,Lipid Bilayer,
9496,,GFXGXKKXGXFXGXGKKXKKKK,Lipid Bilayer,
9498,,GFXGXRXGXFXGXGRXRRRR,Lipid Bilayer,
9499,,GFXGXXXGXFXGXGXXXXXX,Lipid Bilayer,
9500,,GFXGXXXGXFXGXGXXXXXX,Lipid Bilayer,
9501,,GFXGXXXGXFXGXGXXXXXX,Lipid Bilayer,
9505,,GFXGXKXGXFXGXGKXKKKK,Lipid Bilayer,
9506,,GFXGXRXGXFXGXGRXRRRR,Lipid Bilayer,
9507,,GFXGXKXGXFXGXGKXKKKK,Lipid Bilayer,
9509,,GFXGXKXGXFXGXGKXKKKK,Lipid Bilayer,
9510,,GFXGXKXGXFXGXGKXKKKK,Lipid Bilayer,
9511,,KKKKGFXGXKXGXFXGXGKX,Lipid Bilayer,
9526,"Cathelicidin-1, CATH-1, Fowlicidin-1",RVKRVWPLVIRTVIAGYNLYRAIKKK,Lipid Bilayer,
9527,"Cathelicidin-3, CATH-3",RVKRFWPLVPVAINTVAAGINLYKAIRRK,Lipid Bilayer,
9528,"Cathelicidin-2, CATH-2",RFGRFLRKIRRFRPKVTITIQGSARF,Lipid Bilayer,
9629,,LRXLRXG,Lipid Bilayer,
9630,,LRWLRWG,Lipid Bilayer,
9631,,LKXLRXG,Lipid Bilayer,
9632,,LRXLKXG,Lipid Bilayer,
9633,,LKXLKXG,Lipid Bilayer,
9634,,LKWLKWG,Lipid Bilayer,
9635,,LKFLKFG,Lipid Bilayer,
9636,,LRXLRXX,Lipid Bilayer,
9637,,XLRXLRX,Lipid Bilayer,
9638,,LRXLRXX,Lipid Bilayer,
9639,,LRXLRXX,Lipid Bilayer,
9640,,LRXLRXX,Lipid Bilayer,
9641,,LRXLRXXX,Lipid Bilayer,
9642,,LRXLRXXX,Lipid Bilayer,
9643,,LRXLRXXX,Lipid Bilayer,
9644,,RXLRXGX,Lipid Bilayer,
9645,,RXGLRXX,Lipid Bilayer,
9646,,XRXLRXG,Lipid Bilayer,
9647,,LRXXRXG,Lipid Bilayer,
9648,,LRXXRXG,Lipid Bilayer,
9649,,PRXLRXG,Lipid Bilayer,
9650,,LRXPRXG,Lipid Bilayer,
9651,,LRXLRYG,Lipid Bilayer,
9652,,TRXLRXG,Lipid Bilayer,
9653,,LRXTRXG,Lipid Bilayer,
9654,,QRXLRXG,Lipid Bilayer,
9655,,RXGLRxX,Lipid Bilayer,
9656,,RXGLRXx,Lipid Bilayer,
9657,,LRXLRxG,Lipid Bilayer,
9658,,TRXIRXX,Lipid Bilayer,
9659,,RXXXLRXX,Lipid Bilayer,
9660,,LRXLRXG,Lipid Bilayer,
9661,,LRXLRXG,Lipid Bilayer,
9753,Di PGLa-H,KIAKVALKALKIAKVALKAL,Lipid Bilayer,
9754,"Di PGLa-H [V15G], Kiadin-1",KIAKVALKALKIAKGALKAL,Lipid Bilayer,
9768,"D Mastoparan I, D-MPI",idwkklldaakqil,Lipid Bilayer,
9769,"D-LYS- Mastoparan I, D-LYS-MPI",IDWkkLLDAAkQIL,Lipid Bilayer,
9823,,KK,Lipid Bilayer,
9824,C14-R3,RRR,Lipid Bilayer,
9838,,KK,Lipid Bilayer,
9839,,KK,Lipid Bilayer,
9840,,KK,,
9886,WK2,WKWKpGKWKW,Lipid Bilayer,
9887,WK3,WKWKWKpGKWKWKW,Lipid Bilayer,
9916,Thaulin-1,NGNLLGGLLRPVLGVVKGLTGGLGKK,Lipid Bilayer,
9917,Gly-Thaulin-1,GNGNLLGGLLRPVLGVVKGLTGGLGKK,Lipid Bilayer,
9924,"Bothropstoxin-I (105-117), Bthtx-I (105-117)",KKYRYHLKPFCKK,Lipid Bilayer,
10099,LfcinB (21–25)Pal,RWQWRWQWR,Lipid Bilayer,
10107,LfcinB (20–25)2,RRWQWRKX    RRWQWR,Lipid Bilayer,
10110,Protonectin [K10k],ILGTILGLLkGL,Lipid Bilayer,
10111,D-Protonectin,ilGtilGllkGl,Lipid Bilayer,
10182,"Cecropin B, Cecropin XJ, CecXJ-37C",RWKIFKKIEKMGRNIRDGIVKAGPAIEVLGSAKAIGK,Lipid Bilayer,
10183,"Cecropin B, Cecropin XJ, CecXJ-37N",RWKIFKKIEKMGRNIRDGIVKAGPAIEVLGSAKAIGK,Lipid Bilayer    DNA / RNA,
10336,"D-HPRP-A1, HPRP-A2",fkklkklfsklwnwk,Lipid Bilayer    DNA / RNA,
10337,,fkklkklfsklfsfk,Lipid Bilayer,
10338,,kkvvfkvkfkk,Lipid Bilayer,
10360,,K,Lipid Bilayer,
10361,,KKKK,Lipid Bilayer,
10362,,KGKG,Lipid Bilayer,
10363,,K,Lipid Bilayer,
10364,,KKKK,Lipid Bilayer,
10365,,KG,Lipid Bilayer,
10366,,KGKG,Lipid Bilayer,
10367,,K,Lipid Bilayer,
10368,,KKK,Lipid Bilayer,
10369,,KKKK,Lipid Bilayer,
10370,,KG,Lipid Bilayer,
10371,,KGK,Lipid Bilayer,
10372,,KGKG,Lipid Bilayer,
10373,,K,Lipid Bilayer,
10374,,KKK,Lipid Bilayer,
10375,,KKKK,Lipid Bilayer,
10376,,KG,Lipid Bilayer,
10377,,KGK,Lipid Bilayer,
10378,,KGKG,Lipid Bilayer,
10379,,K,,
10380,,KKK,Lipid Bilayer,
10381,,KKKK,,
10382,,KG,,
10383,,KGK,Lipid Bilayer,
10384,,KGKG,,
10525,Dendropsophin 1,NLLNDALGTVNGLLGRS,Lipid Bilayer,
10526,Dendropsophin 1 [D5K],NLLNKALGTVNGLLGRS,Lipid Bilayer,
10527,"Dendropsophin 1 [N4K,D5S,G12K,G15A,R16A]",NLLKSALKTVNKLLAAS,Lipid Bilayer,
10564,Anoplin,GLLKRIKTLL,Lipid Bilayer,
10601,Cyclic Gomesin [PYA1G],GCRRLCYKQRCVTYCRGR,Lipid Bilayer,
10606,"Cyclic Gomesin [PYA1G; R4,18A]",GCRALCYKQRCVTYCRGA,Lipid Bilayer,
10607,"Cyclic Gomesin [PYA1K,K8R]",KCRRLCYRQRCVTYCRGR,Lipid Bilayer,
10608,"Cyclic Gomesin [PYA1G, C2,6,11,15SeCys]",GXRRLXYKQRXVTYXRGR,Lipid Bilayer,
10610,"Cyclic Gomesin [PYA1G;p18,P19Ins]",GCRRLCYKQRCVTYCRGpPR,Lipid Bilayer,
10611,"Cyclic Gomesin [PYA1K,L5Y,K8R]",KCRRYCYRQRCVTYCRGR,Lipid Bilayer,
10612,"Cyclic Gomesin [PYA1K;C2,6,11,15SeCys;L5Y;K8R]",KXRRYXYRQRXVTYXRGR,Lipid Bilayer,
10649,Retro Aurein-1.2,FSEAIKKIIDFLG,Lipid Bilayer,
10650,"Retro Cecropin (1-7)+Melittin (2-9), Retro CAMEL",LVKLVAGIKKFLKWK,Lipid Bilayer,
10651,Retro Omiganan,KRRWPWWPWRLI,Lipid Bilayer,
10652,Retro Pexiganan,KKLIKVFAKGFKKAKKLFKGIG,Lipid Bilayer,
10653,Retro Temporin-A,LIGSLVRGILPLF,Lipid Bilayer,
10723,KL1,KLLKLLKKLLKLLK,Lipid Bilayer,
10826,Ranatuerin-2YJ,GLMDIFKVAVNKLLAAGMNKPRCKAAHC,Lipid Bilayer,
10827,Dybowskin-YJb,IIPLPLGYFAKKP,,
10828,Dybowskin-YJa,IIPLPLGYFAKKKKKKDPVPLDQ,,
10829,Temperin-YJb,VLPLVGNLLNDLLGK,,
10830,Temperin-YJa,VLPLLETCSMTCWENNQTFGK,,
10878,Lynronne-1,LPRRNRWSKIWKKVVTVFS,Lipid Bilayer,
10879,Lynronne-2,HLRRINKLLTRIGLYRHAFG,Lipid Bilayer,
10880,Lynronne-3,NRFTARFRRTPWRLCLQFRQ,Lipid Bilayer,
10881,,VLHTGYRKFLHRSKRFFHLR,Lipid Bilayer,
10882,,TMSLRFWRWKVR,Lipid Bilayer,
10883,,AWRWKAFRNCWRVRSSSL,Lipid Bilayer,
10884,,RSITRPVLVRRRWRVRPVF,Lipid Bilayer,
10885,,SIKILKIYFIQGKRHWSF,Lipid Bilayer,
10886,,QVRWWGRYWRRKWATCR,Lipid Bilayer,
10887,,GTAWRWHYRARS,Lipid Bilayer,
10888,,KFVRLKIYCRDKNKGRGISF,Lipid Bilayer,
10906,Temporin-PE,FLPIVAKLLSGLL,Lipid Bilayer,
11018,C16-R3,RRR,Lipid Bilayer,
11019,,XKKK,Lipid Bilayer,
11020,,XKKK,Lipid Bilayer,
11084,"Cathelicidin-BF-34, Cath- BF-34",KRFKKFFRKLKKSVKKRAKEFFKKPRVIGVSIPF,Lipid Bilayer,
11085,"Cath- BF-34 [A18,F22K,G29K]",KRFKKFFRKLKKSVKKRKKEFKKKPRVIKVSIPF,Lipid Bilayer,
11086,"Cath- BF-34 [A18,F22K]",KRFKKFFRKLKKSVKKRKKEFKKKPRVIGVSIPF,Lipid Bilayer,
11184,Cathelicidin-like peptide Tur1A,RRIRFRPPYLPRPGRRPRFPPPFPIPRIPRIP,Cytoplasmic Protein,
11188,Cathelicidin-like peptide Tur1B,RRIPFWPPNWPGPWLPPWSPPDFRIPRILRKR,Lipid Bilayer,
11272,"Ribosome-inactivating protein PD-L1/PD-L2 (47-77), IKY31",IKYLLVKLQGASQKTITLMLRRNNLYVMGYS,Lipid Bilayer,
11273,"Ribosome-inactivating protein PD-L1/PD-L2 (47-69), IKY23",IKYLLVKLQGASQKTITLMLRRN,Lipid Bilayer,
11468,"Mastoparan-C, MP-C",LNLKALLAVAKKIL,Lipid Bilayer,
11674,LGH2,GNPLKLFLPSTWVHFFKFLR,Lipid Bilayer,
11699,Tachyplesin-1 [K1A],AWCFRVCYRGICYRRCR,Lipid Bilayer,
11700,Tachyplesin-1 [W2A],KACFRVCYRGICYRRCR,Lipid Bilayer,
11701,"Tachyplesin-1 [C3A,C16S]",KWAFRVCYRGICYRRSR,Lipid Bilayer,
11702,Tachyplesin-1 [F4A],KWCARVCYRGICYRRCR,Lipid Bilayer,
11733,cLFchimera,DLIWKLLVKAQEKFGRGKPSKRVKKMRRQWQACKSSHHHHHH,Lipid Bilayer,
11734,Tachyplesin-1 [R5A],KWCFAVCYRGICYRRCR,Lipid Bilayer,
11735,Tachyplesin-1 [V6A],KWCFRACYRGICYRRCR,Lipid Bilayer,
11736,"Tachyplesin-1 [C7A,C12S]",KWCFRVAYRGISYRRCR,Lipid Bilayer,
11737,Tachyplesin-1 [Y8A],KWCFRVCARGICYRRCR,Lipid Bilayer,
11738,Tachyplesin-1 [R9A],KWCFRVCYAGICYRRCR,Lipid Bilayer,
11739,Tachyplesin-1 [G10A],KWCFRVCYRAICYRRCR,Lipid Bilayer,
11740,Tachyplesin-1 [I11A],KWCFRVCYRGACYRRCR,Lipid Bilayer,
11741,"Tachyplesin-1 [C7S,C12A]",KWCFRVSYRGIAYRRCR,Lipid Bilayer,
11742,Tachyplesin-1 [Y13A],KWCFRVCYRGICARRCR,Lipid Bilayer,
11743,Tachyplesin-1 [R14A],KWCFRVCYRGICYARCR,Lipid Bilayer,
11744,Tachyplesin-1 [R15A],KWCFRVCYRGICYRACR,Lipid Bilayer,
11745,"Tachyplesin-1 [C3S,C16A]",KWSFRVCYRGICYRRAR,Lipid Bilayer,
11746,Tachyplesin-1 [R17A],KWCFRVCYRGICYRRCA,Lipid Bilayer,
11747,"Tachyplesin-1 [C3A,C16A]",KWAFRVCYRGICYRRAR,Lipid Bilayer,
11748,"Tachyplesin-1 [C7A,C12A]",KWCFRVAYRGIAYRRCR,Lipid Bilayer,
11749,"Tachyplesin-1 [C3A,C7A,C12A,C16A]",KWAFRVAYRGIAYRRAR,Lipid Bilayer,
11750,"Tachyplesin-1 [V6R,R9A]",KWCFRRCYAGICYRRCR,Lipid Bilayer,
11751,Tachyplesin-1 [K1R],RWCFRVCYRGICYRRCR,Lipid Bilayer,
11752,Tachyplesin-1 [F4G],KWCGRVCYRGICYRRCR,Lipid Bilayer,
11753,Tachyplesin-1 [F4S],KWCSRVCYRGICYRRCR,Lipid Bilayer,
11754,Tachyplesin-1 [Y8G],KWCFRVCGRGICYRRCR,Lipid Bilayer,
11755,Tachyplesin-1 [I11G],KWCFRVCYRGGCYRRCR,Lipid Bilayer,
11756,"Tachyplesin-1 [F4A,Y8A,I11A]",KWCARVCARGACYRRCR,Lipid Bilayer,
11757,"Tachyplesin-1 [R5Del,R17G]",KWCFVCYRGICYRRCG,Lipid Bilayer,
11758,"Tachyplesin-1 [K1A,F4A]",AWCARVCYRGICYRRCR,Lipid Bilayer,
11759,"Tachyplesin-1 [KK1A,Y8A]",AWCFRVCARGICYRRCR,Lipid Bilayer,
11760,"Tachyplesin-1 [K1A,I11A]",AWCFRVCYRGACYRRCR,Lipid Bilayer,
11761,"Tachyplesin-1 [R9A,R17A]",KWCFRVCYAGICYRRCA,Lipid Bilayer,
12077,,XKKK,Lipid Bilayer,
12153,Pentaminomycin B,LvWXl,Unknown,
12209,Trypsin inhibitor DE5 alpha chain (8-25),GNFLRNGGSYYIVPAFRG,Lipid Bilayer,
12215,Adevonin,RKYVRFLHRWVKYFRAYL,Lipid Bilayer,
12243,Mastoparan-Vo,INLKAIAALVKKV,Lipid Bilayer,
12337,Jellein-1 [I4L],PFKLSLHL,Lipid Bilayer,
12338,"Jellein-1 [I4L,F24-F-PHE]",PXKLSLHL,Lipid Bilayer,
12339,"Jellein-1 [I4L,F24-Cl-PHE]",PXKLSLHL,Lipid Bilayer,
12340,"Jellein-1 [I4L,F24-Br-PHE]",PXKLSLHL,Lipid Bilayer,
12341,"Jellein-1 [I4L,F24-I-PHE]",PXKLSLHL,Lipid Bilayer,
12363,,KKLIKVWAKGFKKAKKLFKGIG,Lipid Bilayer,
12364,,KKLIKVFAKGWKKAKKLFKGIG,Lipid Bilayer,
12365,,KKLIKVFAKGFKKAKKLWKGIG,Lipid Bilayer,
12366,,XXLIXVWAXGFXXAXXLFXGIG,Lipid Bilayer,
12367,,KKAAKAWAKGAKKAKKLAKGAG,Lipid Bilayer,
12519,"GGH-Bactenecin-1 [L2R,C3W,R4K,W10W,C11R], Sub5-01",GGHRRWKIVVIRWRR,Lipid Bilayer    DNA / RNA,
12531,"Bactenecin-5 (1-25), Bac5 (1-25)",RFRPPIRRPPIRPPFYPPFRPPIRP,Cytoplasmic Protein    Lipid Bilayer,
12574,"Bactenecin-5 (1-23), Bac5(1-23)",RFRPPIRRPPIRPPFYPPFRPPI,Lipid Bilayer,
12575,"Bactenecin-5 (1-21), Bac5(1-21)",RFRPPIRRPPIRPPFYPPFRP,Lipid Bilayer,
12576,"Bactenecin-5 (1-19), Bac5(1-19)",RFRPPIRRPPIRPPFYPPF,Lipid Bilayer,
12577,"Bactenecin-5 (1-17), Bac5(1-17)",RFRPPIRRPPIRPPFYP,Cytoplasmic Protein    Lipid Bilayer,
12578,"Bactenecin-5 (1-15), Bac5 (1-15)",RFRPPIRRPPIRPPF,Lipid Bilayer,
12579,"Bactenecin-5 (3-25), Bac5(3-25)",RPPIRRPPIRPPFYPPFRPPIRP,Lipid Bilayer,
12580,"Bactenecin-5 (5-25), Bac5(5-25)",PIRRPPIRPPFYPPFRPPIRP,,
12591,HPRP-A1,FKKLKKLFSKLWNWK,Lipid Bilayer    DNA / RNA,
12656,,RIWR,Lipid Bilayer,
12658,,RMWR,Lipid Bilayer,
12659,,RRWR,Lipid Bilayer,
12662,,RRFWRR,Lipid Bilayer,
12663,,RRIWRR,Lipid Bilayer,
12664,,RRFW,Lipid Bilayer,
12665,,RRIW,Lipid Bilayer,
12844,HPRP-A3,FKKLKKLFSKLKNWW,Lipid Bilayer,
12845,HPRP-A4,KFLKLKWLKSWKNFK,Lipid Bilayer,
12846,HPRP-B     ,FKLKLKFSNKLKWKW,Lipid Bilayer,
12847,HPRP-C,LFKKNKLWFKSKKWL,Lipid Bilayer,
12887,Pleurocidin-like peptide AP3 (1-23),GWRTLLKKAEVKTVGKLALKHYL,Lipid Bilayer,
12898,Pleurocidin-like peptide AP3 (1-23)[R3K],GWKTLLKKAEVKTVGKLALKHYL,Lipid Bilayer,
12899,"Pleurocidin-like peptide AP3 (1-23)[W2Y, Y22W]",GYRTLLKKAEVKTVGKLALKHWL,Lipid Bilayer,
12900,Pleurocidin-like peptide AP3 (7-23)[Y16W],KKAEVKTVGKLALKHWL,Lipid Bilayer,
12901,Pleurocidin-like peptide AP3 (12-23)[Y11W],KTVGKLALKHWL,Lipid Bilayer,
13754,"Citropin-1.1 [K7,8Orn]",GLFDVIXXVASVIGGL,Lipid Bilayer,
13760,"Citropin-1.1 [K7,8R]",GLFDVIRRVASVIGGL,Lipid Bilayer,
13761,Citropin-1.1 [K7R],GLFDVIRKVASVIGGL,Lipid Bilayer,
13763,Citropin-1.1 [D4E],GLFEVIKKVASVIGGL,Lipid Bilayer,
13764,Citropin-1.1 [F3W],GLWDVIKKVASVIGGL,Lipid Bilayer,
13765,"Citropin-1.1 [F3W, D4R, K7R]",GLWRVIRKVASVIGGL,Lipid Bilayer,
13766,Citropin-1.1 [G1Phe-Gly],XLFDVIKKVASVIGGL,Lipid Bilayer,
13767,Citropin-1.1 [F3Bip],GLXDVIKKVASVIGGL,Lipid Bilayer,
13768,Citropin-1.1 [F 3 1-NAL],GLXDVIKKVASVIGGL,Lipid Bilayer,
13769,"Citropin-1.1 [G1NAla, F3W, K7R]",XLWDVIRKVASVIGGL,Lipid Bilayer,
13797,"D-Ranalexin, Danalexin",flGGlikivpamicavtkkc,Lipid Bilayer,
13856,"Anoplin [K4,7k]",GLLkRIkTLL,Lipid Bilayer    DNA / RNA,
13857,"Anoplin [K4,7k]",GLLkRIkTLL,Lipid Bilayer    DNA / RNA,
13858,"Anoplin [K4,7k]",GLLkRIkTLL,Lipid Bilayer    DNA / RNA,
13859,"Anoplin [K4,7k]",GLLkRIkTLL,Lipid Bilayer    DNA / RNA,
13860,"Anoplin [K4,7k]",GLLkRIkTLL,Lipid Bilayer    DNA / RNA,
13861,"Anoplin [K4,7k]",GLLkRIkTLL,Lipid Bilayer    DNA / RNA,
13868,,XGLLkRIkTLL    XGGLLkRIkTLL,Lipid Bilayer    DNA / RNA,
13869,,XGLLkRIkTLL    XGGLLkRIkTLL,Lipid Bilayer    DNA / RNA,
13870,,XGLLkRIkTLL    XGGLLkRIkTLL,Lipid Bilayer    DNA / RNA,
13871,,XGLLkRIkTLL    XGGLLkRIkTLL,Lipid Bilayer    DNA / RNA,
13872,,XGLLkRIkTLL    XGGLLkRIkTLL,Lipid Bilayer    DNA / RNA,
13885,"X-hexatoxin-Hi1a, Hi Gomesin",XCRRLCYRNRCVTYCRGR,Lipid Bilayer,
14078,"Indolicidin [P7K, W9T]",ILPWKWKWTPWRR,Lipid Bilayer,
14079,"Indolicidin [P7K, W9Thr-GLC]",ILPWKWKWXPWRR,Lipid Bilayer,
14106,Cathelicidin-6 [F10L],GRFKRFRKKLKKLFKKLSPVIPLLHLG,Lipid Bilayer,
14107,"Cathelicidin-6 (6-27)[F10L, H25K]",FRKKLKKLFKKLSPVIPLLKLG,Lipid Bilayer,
14108,"Cathelicidin-6 (6-27)[F10L, H25K]",FRKKLKKLFKKLSPVIPLLKLG,Lipid Bilayer,
14145,Hymenochirin-1Pa [D9K],LKLSPKTKKTLKKVLKGAIKGAIAIASMA,Lipid Bilayer,
14146,Hymenochirin-1Pa [D9k],LKLSPKTKkTLKKVLKGAIKGAIAIASMA,Lipid Bilayer,
14154,,XKKK,Lipid Bilayer,
14155,,XKKK,Lipid Bilayer,
14328,C14-W1R2,RWR,Lipid Bilayer,
14345,C10-W1R2,RWR,Lipid Bilayer,
14362,C18-W1R2,RWR,Lipid Bilayer,
14365,"Anoplin [K4k-C4, K7k]",GLLxRIkTLL,,
14366,"Anoplin [K4k-C6, K7k]",GLLxRIkTLL,Lipid Bilayer,
14367,"Anoplin [K4k-C8, K7k]",GLLxRIkTLL,Lipid Bilayer,
14368,"Anoplin [K4k-C10, K7k]",GLLxRIkTLL,Lipid Bilayer,
14369,"Anoplin [K4k-C12, K7k]",GLLxRIkTLL,Lipid Bilayer,
14370,"Anoplin [K4k-C14, K7k]",GLLxRIkTLL,Lipid Bilayer,
14371,"Anoplin [K4k-C16, K7k]",GLLxRIkTLL,Lipid Bilayer,
14372,"Anoplin [K4k, K7k-C4]",GLLkRIxTLL,Lipid Bilayer,
14373,"Anoplin [K4k, K7k-C6]",GLLkRIxTLL,Lipid Bilayer,
14374,"Anoplin [K4k, K7k-C8]",GLLkRIxTLL,Lipid Bilayer,
14375,"Anoplin [K4k, K7k-C10]",GLLkRIxTLL,Lipid Bilayer,
14376,"Anoplin [K4k, K7k-C12]",GLLkRIxTLL,Lipid Bilayer    DNA / RNA,
14377,"Anoplin [K4k, K7k-C14]",GLLkRIxTLL,Lipid Bilayer,
14378,"Anoplin [K4k, K7k-C16]",GLLkRIxTLL,Lipid Bilayer,
14462,Bac5 (1-17)[P17R],RFRPPIRRPPIRPPFYR,Cytoplasmic Protein    Lipid Bilayer,
14470,"Bac5 (1-17)[P4W, P4R]",RFRWPIRRPPIRPPFYR,Cytoplasmic Protein    Lipid Bilayer,
14475,"Bac5 (1-17)[F2W, P4W, P17R]",RWRWPIRRPPIRPPFYR,Cytoplasmic Protein    Lipid Bilayer,
14478,"Bac5 (1-17)[F2W; P4,9R; P17W]",RWRRPIRRRPIRPPFYW,Lipid Bilayer,
14487,"Bac5 (1-17)[F2W; P4,9,17R; Y16W]",RWRRPIRRRPIRPPFWR,Lipid Bilayer,
14704,Myomegalin (2197-2211),GKLLVKKIVSLVRSA,,
14705,"Myomegalin (2197-2211)[L3,11S;K7W,S10,14K;L11S]",GKSLVKWIVKSVRKA,,
14706,"Myomegalin (2197-2211)[L3,11S;K7W,S10,14K;L11S]",GKSLVKWIVKSVRKA,,
14707,Myosin-15 (795-811),KVFTLFQARAQGKLMRI,,
14708,"Myosin-15 (795-811)[F3W,Q7R,R16A,I17K][R9A,Q11KDel]",KVWTLFRAAGKLMAK,,
14709,"Myosin-15 (795-811)[F3W,Q7R,R16A,I17K][R9A,Q11KDel]",KVWTLFRAAGKLMAK,,
14710,Polymerase basic protein 2 (372-388),AILRKATRRLVQLIVSG,,
14711,"Polymerase basic protein 2 (372-388)[A1R,R4A,Q12K]",RILAKATRRLVKLIVSG,,
14712,Polymerase basic protein 2 (372-386)[Q12K],AILRKATRRLVKLIV,Lipid Bilayer,
14713,"Polymerase basic protein 2 (372-386)[L3W,Q12K]",AIWRKATRRLVKLIV,Lipid Bilayer,
14714,Polymerase basic protein 2 (374-388),LRKATRRLVQLIVSG,,
14715,Polymerase basic protein 2 (370-385),ATAILRKATRRLVQLI,,
14747,Tridecaptin M,GxGswSXxIEIxS,Lipid II,
14748,Tridecaptin M2,GxGswSXxIEVvS,Lipid II,
14749,Tridecaptin M5,GxGsfSXxIEIvS,Lipid II,
14750,Tridecaptin M6,GxGswSXxIEIvS,Lipid II,
14751,Tridecaptin M7,GxGswSXxVEIxS,Lipid II,
14752,Tridecaptin M8,GxGsfSXxIEIxS,Lipid II,
14764,Tridecaptin B1,GxGswSXxIEVxA,Lipid Bilayer,
14768,Oct-Tridecaptin B1,GxGswSXxIEVxA,Lipid Bilayer,
14769,H-Tridecaptin B1,GxGswSXxIEVxA,,
14780,BP201,RKLFKRILKYL,Lipid Bilayer,
14781,BP202,KRLFRKILKYL,Lipid Bilayer,
14782,BP203,KKLFKKILRYL,Lipid Bilayer,
14783,BP204,KRLFRKILRYL,Lipid Bilayer,
14784,BP205,KKLFRRILKYL,Lipid Bilayer,
14785,BP206,RRLFKKILKYL,Lipid Bilayer,
14787,BP210,RRLXRRILRYL,Lipid Bilayer,
14788,BP211,KKLfKKILRYL,Lipid Bilayer,
14789,BP212,KKLxKKILKYL,Lipid Bilayer,
14790,BP213,KKLFKkilryl,Lipid Bilayer,
14791,BP214,kklfkkilryl,Lipid Bilayer,
14792,BP208,KKLXKKILKYL,Lipid Bilayer,
14793,BP209,KKLFKXXXXXX,Lipid Bilayer,
14886,LL-37 KR-12,KRIVQRIKDFLR,Lipid Bilayer,
14887,LL-37 KR-12,KRIVQRIKDFLR,Lipid Bilayer,
14888,LL-37 KR-12,KRIVQRIKDFLR,Lipid Bilayer,
14890,LL-37 KR-12,KRIVQRIKDFLR,Lipid Bilayer,
14891,LL-37 KR-12,KRIVQRIKDFLR,Lipid Bilayer,
14892,LL-37 KR-12,KRIVQRIKDFLR,Lipid Bilayer,
14893,LL-37 KR-12,KRIVQRIKDFLR,Lipid Bilayer,
14894,LL-37 KR-12,KRIVQRIKDFLR,Lipid Bilayer,
14895,LL-37 KR-12,KRIVQRIKDFLR,Lipid Bilayer,
14903,,RR,Lipid Bilayer,
14904,,RR,Lipid Bilayer,
14905,,RR,Lipid Bilayer,
14906,,ARR,Lipid Bilayer,
14907,,XRR,Lipid Bilayer,
14910,,FRR,Lipid Bilayer,
14911,,FRR,Lipid Bilayer,
14912,,FRR,Lipid Bilayer,
14914,,GRR,Lipid Bilayer,
14915,,HRR,Lipid Bilayer,
14916,,IRR,Lipid Bilayer,
14917,,IRR,Lipid Bilayer,
14918,,KRR,Lipid Bilayer,
14919,,LRR,Lipid Bilayer,
14920,,LRR,Lipid Bilayer,
14921,,MRR,Lipid Bilayer,
14922,,MRR,Lipid Bilayer,
14923,,XRR,Lipid Bilayer,
14924,,XRR,Lipid Bilayer,
14925,,NRR,Lipid Bilayer,
14927,,XRR,Lipid Bilayer,
14928,,XRR,Lipid Bilayer,
14929,,XRR,Lipid Bilayer,
14930,,XRR,Lipid Bilayer,
14932,,PRR,Lipid Bilayer,
14933,,QRR,Lipid Bilayer,
14934,C12-R3,RRR,Lipid Bilayer,
14935,,SRR,Lipid Bilayer,
14937,,TRR,Lipid Bilayer,
14938,,VRR,Lipid Bilayer,
14939,,VRR,Lipid Bilayer,
14940,C10-W1,WRR,Lipid Bilayer,
14941,C12-W1,WRR,Lipid Bilayer,
14942,C14-W1,WRR,Lipid Bilayer,
14943,,YRR,Lipid Bilayer,
14944,,YRR,Lipid Bilayer,
14945,,RR,Lipid Bilayer,
15076,"Cyclic Human cathelicidin, LL-37",LLGDFFRKSKEKIGKEFKRIVQRIKDFLRNLVPRTES,Lipid Bilayer,
15823,C12K5,KKKKK,,
15824,C14K5,KKKKK,Lipid Bilayer,
15825,C16K5,KKKKK,Lipid Bilayer,
15826,C18K5,KKKKK,Lipid Bilayer,
15827,C20K5,KKKKK,Lipid Bilayer,
15828,bC16K5,KKKKK,Lipid Bilayer,
15829,C18K-K5,XKKKKK,Lipid Bilayer,
15830,(C8)2K-K5,XKKKKK,,
15831,(C18)2K-K5,XKKKKK,,
15832,C18O5,XXXXX,Lipid Bilayer,
15833,C18R5,RRRRR,Lipid Bilayer,
15834,C10F4K5,FFFFKKKKK,Lipid Bilayer,
15835,C16F3K3,FFFKKK,Lipid Bilayer,
15836,C18V3K5,VVVKKKKK,Lipid Bilayer,
15837,C16(VK)4,VKVKVKVK,,
15838,C16V3A3K3,VVVAAAKKK,,
15839,C18K31-peptoid,KKKX,Lipid Bilayer,
15840,Cecropin-A,RWKLFKKIEKVGRNVRDGLIKAGPAIAVIGQAKSLGK,Lipid Bilayer,
15841,Beta-Defensin 4 (8-41),CLKSGAICHPVFCPRRYKQIGTCGLPGTKCCKKP,,
15842,"Cecropin-D (3-38)[A22K, E26D, S32T, S33A, L35I]",WNPFKELEKAGQRVRDAIISAKPAVDVVGQATAIIK,Lipid Bilayer,
16020,Armyworm Cecropin-1,EPRWKVFKKIEKMGRNIRDGIIKAGPAVAVLGDAKALGK,Lipid Bilayer,
16049,Polybia-CP [K10k],ILGTILGLLkSL,Lipid Bilayer,
16050,D-Polybia-CP,ilGtilGllksl,Lipid Bilayer,
16062,Anoplin [L2Meth-Leu],GXLKRIKTLL,Lipid Bilayer,
16063,Anoplin [L3Meth-Leu],GLXKRIKTLL,Lipid Bilayer,
16064,Anoplin [K4Meth-Lys],GLLXRIKTLL,Lipid Bilayer,
16065,Anoplin [R5Meth-Arg],GLLKXIKTLL,Lipid Bilayer,
16066,Anoplin [I6Meth-Ile],GLLKRXKTLL,Lipid Bilayer,
16067,Anoplin [K7Meth-Lys],GLLKRIXTLL,Lipid Bilayer,
16068,Anoplin [L9Meth-Leu],GLLKRIKTXL,Lipid Bilayer,
16069,Anoplin [L10Meth-Leu],GLLKRIKTLX,Lipid Bilayer,
16070,"Anoplin [L2,10Meth-Leu]",GXLKRIKTLX,Lipid Bilayer,
16071,"Anoplin [L3Meth-Leu, I6Meth-Ile]",GLXKRXKTLL,Lipid Bilayer,
16072,"Anoplin [L3,9Meth-Leu]",GLXKRIKTXL,,
16073,"Anoplin [K4,7Meth-Lys]",GLLXRIXTLL,Lipid Bilayer,
16074,"Anoplin [R5Meth-Arg, K7Meth-Lys]",GLLKXIXTLL,,
16075,"Anoplin [L2,3,9,10Meth-Lys]",GXXKRIKTXX,Lipid Bilayer,
16076,"Anoplin [L3Meth-Leu, I6Meth-Ile]",GLXKRXKTLL,Lipid Bilayer,
16077,"Anoplin [K4,7Meth-Lys]",GLLXRIXTLL,Lipid Bilayer,
16078,"Anoplin [R5Meth-Arg, K7Meth-Lys]",GLLKXIXTLL,Lipid Bilayer,
16079,"Anoplin [L3Meth-Leu, I6Meth-Ile]",GLXKRXKTLL,Lipid Bilayer,
16080,"Anoplin [K4,7Meth-Lys]",GLLXRIXTLL,Lipid Bilayer,
16081,"Anoplin [R5Meth-Arg, K7Meth-Lys]",GLLKXIXTLL,Lipid Bilayer,
16083,"Anoplin [L3Meth-Leu, I6Meth-Ile]",GLXKRXKTLL,Lipid Bilayer,
16084,"Anoplin [K4,7Meth-Lys]",GLLXRIXTLL,Lipid Bilayer,
16085,"Anoplin [R5Meth-Arg, K7Meth-Lys]",GLLKXIXTLL,Lipid Bilayer,
16086,"Anoplin [L3Meth-Leu, I6Meth-Ile]",GLXKRXKTLL,Lipid Bilayer,
16087,"Anoplin [K4,7Meth-Lys]",GLLXRIXTLL,Lipid Bilayer,
16089,"Anoplin [R5Meth-Arg, K7Meth-Lys]",GLLKXIXTLL,Lipid Bilayer,
16091,Anoplin,GLLKRIKTLL,Lipid Bilayer,
16092,Anoplin,GLLKRIKTLL,Lipid Bilayer,
16104,Anoplin [G1Beta-Ala],XLLKRIKTLL,Lipid Bilayer,
16105,Anoplin [L2Beta-Ala],GXLKRIKTLL,Lipid Bilayer,
16106,Anoplin [L3Beta-Ala],GLXKRIKTLL,Lipid Bilayer,
16107,Anoplin [K4Beta-Ala],GLLXRIKTLL,Lipid Bilayer,
16108,Anoplin [R5Beta-Ala],GLLKXIKTLL,Lipid Bilayer,
16109,Anoplin [I6Beta-Ala],GLLKRXKTLL,Lipid Bilayer,
16110,Anoplin [K7Beta-Ala],GLLKRIXTLL,Lipid Bilayer,
16111,Anoplin [T8Beta-Ala],GLLKRIKXLL,Lipid Bilayer,
16112,Anoplin [L9Beta-Ala],GLLKRIKTXL,Lipid Bilayer,
16113,Anoplin [L10Beta-Ala],GLLKRIKTLX,Lipid Bilayer,
16114,"Anoplin [G1Beta-Ala, T8Beta-Ala]",XLLKRIKXLL,Lipid Bilayer,
16331,Orc1,RRIPFWPPNLPGPRRPPWFLPDFRIPRIPRKR,Cytoplasmic Protein    Lipid Bilayer,
16332,"Cathelicidin antimicrobial peptide isoform X1, Del1",RRIPFWPIPLRWQWPPPWFPPSFPIPRISRKR,Cytoplasmic Protein    Lipid Bilayer,
16333,Cathelicidin Neo1,RRIRFPFPPFPWQWPPAGFPTFHIPRIPRKQ,Lipid Bilayer,
16339,Mp2a-Mp2b,IDWKKVDWKKVSKKTCKVMLKACKFL    LIGLVSKGTCVLVKTVCKKVLKQ,Lipid Bilayer,
16342,Mp2a [L20A]-Mp2b [V13A],IDWKKVDWKKVSKKTCKVMAKACKFL    LIGLVSKGTCVLAKTVCKKVLKQ,Lipid Bilayer,
16343,Mp2a-Mp2b [V13A],IDWKKVDWKKVSKKTCKVMLKACKFL    LIGLVSKGTCVLAKTVCKKVLKQ,Lipid Bilayer,
16344,Mp2a [L20A]-Mp2b,IDWKKVDWKKVSKKTCKVMAKACKFL    LIGLVSKGTCVLVKTVCKKVLKQ,Lipid Bilayer,
16345,Mp2a-Mp2b,IDWKKVDWKKVSKKTCKVMLKACKFL    LIGLVSKGTCVLVKTVCKKVLKQ,Lipid Bilayer,
16348,Mp2a [C23Acm-Cys]-Mp2b [C17Acm-Cys],IDWKKVDWKKVSKKTCKVMLKAXKFL    LIGLVSKGTCVLVKTVXKKVLKQ,Lipid Bilayer,
16349,M-myrmeciitoxin-Mp2a,IDWKKVDWKKVSKKTCKVMLKACKFL,Lipid Bilayer,
16350,"M-myrmeciitoxin-Mp2a [C16,23S]",IDWKKVDWKKVSKKTSKVMLKASKFL,Lipid Bilayer,
16351,M-myrmeciitoxin-Mp2b,LIGLVSKGTCVLVKTVCKKVLKQ,Lipid Bilayer,
16352,"M-myrmeciitoxin-Mp2b [C10,17S]",LIGLVSKGTSVLVKTVSKKVLKQ,Lipid Bilayer,
16353,Mp2a-Mp2a,IDWKKVDWKKVSKKTCKVMLKACKFL    IDWKKVDWKKVSKKTCKVMLKACKFL,Lipid Bilayer,
16354,Cathelicidin-like peptide Bal1,RRIRFRPPRLPRPRPRPWIPPRFPFPRIPGKR,Cytoplasmic Protein,
16355,Cathelicidin-like peptide Lip1,RRIRIRPPRLPRPRPRPWFPPRFPIPRIPGKR,Cytoplasmic Protein,
16444,Pom-1,KCAGSIAWAIGSGLFGGAKLIKIKKYIAELGGLQ,Lipid Bilayer,
16445,"Pom-2, Cecropin-D (5-38)",KEIERAGQRIRDAIISAAPAVETLAQAQKIIKGG,Lipid Bilayer,
16530,"Ponericin-L1, U1-poneritoxin-Ng2a, Bm‑ponericin‑L1",LLKELWTKMKGAGKAVLGKIKGLL,Lipid Bilayer,
16760,Mastoparan-C [L1A],ANLKALLAVAKKIL,Lipid Bilayer,
16761,Mastoparan-C [N2A],LALKALLAVAKKIL,Lipid Bilayer,
16762,Mastoparan-C [L3A],LNAKALLAVAKKIL,Lipid Bilayer,
16763,Mastoparan-C [K4A],LNLAALLAVAKKIL,Lipid Bilayer,
16764,Mastoparan-C [L6A],LNLKAALAVAKKIL,Lipid Bilayer,
16765,Mastoparan-C [L7A],LNLKALAAVAKKIL,Lipid Bilayer,
16766,Mastoparan-C [V9A],LNLKALLAAAKKIL,Lipid Bilayer,
16767,Mastoparan-C [K11A],LNLKALLAVAAKIL,Lipid Bilayer,
16768,Mastoparan-C [K12A],LNLKALLAVAKAIL,Lipid Bilayer,
16769,Mastoparan-C [I13A],LNLKALLAVAKKAL,Lipid Bilayer,
16770,Mastoparan-C [L14A],LNLKALLAVAKKIA,Lipid Bilayer,
16771,Mastoparan-C [L1G],GNLKALLAVAKKIL,Lipid Bilayer,
16772,Mastoparan-C [L7G],LNLKALGAVAKKIL,Lipid Bilayer,
16773,Mastoparan-C [L1K],KNLKALLAVAKKIL,Lipid Bilayer,
16774,"Mastoparan-C [L1G, L7A]",GNLKALAAVAKKIL,Lipid Bilayer,
16775,"Mastoparan-C [K4,11,12R]",LNLRALLAVARRIL,Lipid Bilayer,
16776,Mastoparan-C [A5K],LNLKKLLAVAKKIL,Lipid Bilayer,
16777,"Mastoparan-C [A5,8K]",LNLKKLLKVAKKIL,Lipid Bilayer,
16778,Mastoparan-C (1-13),LNLKALLAVAKKI,Lipid Bilayer,
16779,Mastoparan-C (1-12),LNLKALLAVAKK,,
16780,Mastoparan-C (1-11),LNLKALLAVAK,,
16781,"Mastoparan-C [L1G, A5K]",GNLKKLLAVAKKIL,Lipid Bilayer,
16782,"Mastoparan-C [A5K, L7A]",LNLKKLAAVAKKIL,Lipid Bilayer,
16783,Mastoparan-C (1-13) [A5K],LNLKKLLAVAKKI,Lipid Bilayer,
16796,KL1 [K1G],GLLKLLKKLLKLLK,Lipid Bilayer,
16797,"KL1 [K1G, L3F]",GLFKLLKKLLKLLK,Lipid Bilayer,
16801,"Aurein-2.2 (1-14)[V10L, G11K, A12L, G14K]",GLFDIVKKVLKLLK,Lipid Bilayer,
16802,"Aurein-2.2 (1-14)[G11K, A12L, G14K]",GLFDIVKKVVKLLK,Lipid Bilayer,
16803,"Aurein-2.2 (1-14)[A12L, G14K]",GLFDIVKKVVGLLK,Lipid Bilayer,
16804,Aurein-2.2 (1-14)[G14K],GLFDIVKKVVGALK,Lipid Bilayer,
16805,Aurein-2.2 (1-14),GLFDIVKKVVGALG,Lipid Bilayer,
16809,"Aurein-2.2 (1-14)[G1K, F3L, D4K, I5L]",KLLKLVKKVVGALG,Lipid Bilayer,
16810,"Aurein-2.2 (1-14)[G1K, F3L, D4K, I5L, V6L]",KLLKLLKKVVGALG,Lipid Bilayer,
16811,"Aurein-2.2 (1-14)[G1K; F3L; D4K; I5L; V6,9L]",KLLKLLKKLVGALG,Lipid Bilayer,
16812,"Aurein-2.2 (1-14)[G1K; F3L; D4K; I5L; V6,9,10L]",KLLKLLKKLLGALG,Lipid Bilayer,
16813,"KL1 [L12A, K14G]",KLLKLLKKLLKALG,Lipid Bilayer,
16847,"(P)PAP-A3, P-Pepsin A-3 (16-40)-P-Pepsin A-3 (41-61)",PIMYKVPLIRKKSLRRTLSERGLLKDPFLKKHNLNPARKYFPQWKAPTL,Lipid Bilayer,
16906,"COCSUDRAFT_54492 (197-208)[L1F,A3I,G9S]",FTILKKLKSFIK,Lipid Bilayer,
16907,"COCSUDRAFT_22596 (97-109)[A7L,A11I,A12T]",KLVKKLLKKYITF,Lipid Bilayer,
16908,"Peroxin-13 (170-183)[G10K,K12G]",LARFVLRILKYGFK,Lipid Bilayer,
16909,TRASSc9 (130-142),IPLLRKGKKIIWW,Lipid Bilayer,
16910,"Putative endonuclease and reverse transcriptase-like protein (291-303)[Q3K,K5V,W7K]",GLKKVIKLLRPLL,Lipid Bilayer,
16911,"YqaJ domain-containing protein (378-395)[Q7W,I18K]",ILKPKLWKLTVVARKIIK,Lipid Bilayer,
16912,"CheA (724-741)[S11K,R14G]",IVIKSLGKFLKNVGGFAG,Lipid Bilayer,
16913,"3-oxoacyl-[acyl-carrier-protein] reductase (117-131)[V1F,Y2K,T5W,L12A,R13L,A15L]",FKLVWKLLKKLALKL,Lipid Bilayer,
16914,"GTP-dependent dephospho-CoA kinase (A4W, G14K)[A4W,G14K]",ITKWLLNAIKKGFKL,Lipid Bilayer,
16915,"Ph1570 domain-containing protein (115-129)[K5V,G7L,L8W,V10N,N14K]",IHKLVKLWLNLGKKF,Lipid Bilayer,
16916,"Hydrogenase 4, subunit 3 (20-34)[I6W,G8L,I12L,Q14K]",LFSIIWKLNRKLIKA,Lipid Bilayer,
16955,"LSEI_2135 (53-68), LHH1",AFALIAGALYRIFHRR,Lipid Bilayer,
17021,,WRWYCR,DNA / RNA,
17022,,GGHGWRWYCR,Lipid Bilayer    DNA / RNA,
17023,,GGHWRWYCRGGK,Lipid Bilayer    DNA / RNA,
17024,,GGH,,
17028,"Protonectin [G11F], Polybia-CP [S11F]",ILGTILGLLKFL,Lipid Bilayer,
17045,"Agelaia-MP [N2F,K5F,L6R,I10D,I11del,D12V]",IFWLFRGKADVAL,Lipid Bilayer,
17046,"Protonectin [L2,8F]",IFGTILGFLKGL,Lipid Bilayer,
17183,YI12,YLRLIRYMAKMI,Lipid Bilayer,
17184,FK13,FPLTWLKWWKWKK,Lipid Bilayer    DNA / RNA,
17218,"Arenicin-3 [V8,13A;Y9R], AA139",GFCWYVCARRNGARVCYRRCN,Lipid Bilayer,
17219,"Arenicin-3 [Y5R,V8A,Y9S,V13L], NZ17125",GFCWRVCASRNGLRVCYRRCN,Lipid Bilayer,
17220,"Arenicin-3 [V6,8A;Y9K;V13L], NZ17126",GFCWYACAKRNGLRVCYRRCN,Lipid Bilayer,
17221,"Arenicin-3 [Y5N,Y9R,Y17H], NZ17143",GFCWNVCVRRNGVRVCHRRCN,Lipid Bilayer,
17222,"Arenicin-3 [Y9K,V15S], NZ17160",GFCWYVCVKRNGVRSCYRRCN,Lipid Bilayer,
17223,"Arenicin-3 [Y5N,V15I,Y17H], NZ17211",GFCWNVCVYRNGVRICHRRCN,Lipid Bilayer,
17224,"Arenicin-3 [Y5H,V8A,Y9], NZ17224",GFCWHVCARRNGVRVCYRRCN,Lipid Bilayer,
17225,"Arenicin-3 [Y5R;V6,15A], NZ17228",GFCWRACVYRNGVRACYRRCN,Lipid Bilayer,
17226,"Arenicin-3 [Y5R,V6A], NZ17230",GFCWRACVYRNGVRVCYRRCN,Lipid Bilayer,
17237,Capitellacin,SPRVCIRVCRNGVCYRRCWG,Lipid Bilayer,
17389,"Darobactin, Darobactin A",WNWSKSF,Membrane Protein,
17418,D-KR-12-a2 (2-12),rivqrikkwlr,Lipid Bilayer,
17423,HRNR (2656–2677),GRHGSGLGHSSSHGQHGSGSGR,Lipid Bilayer,
17424,Pal-HRNR (2656–2677),GRHGSGLGHSSSHGQHGSGSGR,Lipid Bilayer,
17425,Myr-HRNR (2656–2677),GRHGSGLGHSSSHGQHGSGSGR,Lipid Bilayer,
17427,"Pal-HRNR (2656–2677)[H3,9,13,16R]",GRRGSGLGRSSSRGQRGSGSGR,Lipid Bilayer,
17428,"HRNR (2656–2668)[H3,9,13R]",GRRGSGLGRSSSR,Lipid Bilayer,
17429,Pal-HRNR (2606–2628),HGSRSGQSSRGERHGSSSGSSSH,Lipid Bilayer,
17430,"Pal-HRNR (2606–2628)[H1,14,23R]",RGSRSGQSSRGERRGSSSGSSSR,Lipid Bilayer,
17432,Pal-GR13,GRRGGRGGRGRGR,Lipid Bilayer,
17433,D-Pal-GR13,GrrGGrGGrGrGr,Lipid Bilayer,
17434,Pal-GK13,GKKGGKGGKGKGK,Lipid Bilayer,
17435,Pal-GOrn13,GXXGGXGGXGXGX,Lipid Bilayer,
17436,Pal-GR11,GRRGGRGGRGR,Lipid Bilayer,
17437,Pal-GR9,GRRGGRGGR,Lipid Bilayer,
17438,D-Pal-GR9,GrrGGrGGr,Lipid Bilayer,
17439,Pal-GR6,GRRGGR,Lipid Bilayer,
17440,Pal-GR4,GRGR,Lipid Bilayer,
17441,D-Pal-GR4,GrGr,Lipid Bilayer,
17442,Pal-GK4,GKGK,Lipid Bilayer,
17443,D-Pal-GK4,GkGk,Lipid Bilayer,
17445,D-Pal-GOrn4,GxGx,Lipid Bilayer,
17446,Pal-GDab4,GXGX,Lipid Bilayer,
17447,Pal-GDap4,GXGX,Lipid Bilayer,
17450, Pal-LCE-3B (56–68),SHHRCCRSHRCRR,Lipid Bilayer,
17451,FLG-2 (2082–2100),HAHSGHGQSTQRGSRTAGR,Lipid Bilayer,
17452,"HRNR (2656–2677)[H3,9,13,16R]",GRRGSGLGRSSSRGQRGSGSGR,Lipid Bilayer,
17453,"Pal-HRNR (2606–2619)[H1,14R]",RGSRSGQSSRGERR,Lipid Bilayer,
17454,GR13,GRRGGRGGRGRGR,Lipid Bilayer,
17455,LCE-3B (56–68),SHHRCCRSHRCRR,Lipid Bilayer,
17456,LCE-3C (55–67),SHHRHFRSHQCRR,Lipid Bilayer,
17457,Pal-LCE-3C (55–67),SHHRHFRSHQCRR,Lipid Bilayer,
17458,LCE-3C (55-75)  ,SHHRHFRSHQCRRQRSNSCDR,Lipid Bilayer,
17459,HRNR (1748-1778),SGHSSVFGQHESGSGHSSAYSQHGSGSGHFX,Lipid Bilayer,
17460,HRNR (2004-2029),GQHGSSSGHSSTHGQHGSASGQSSSX,Lipid Bilayer,
17461,LCE-2B (74-86),SHHRPRLFHRRRH,Lipid Bilayer,
17462,HRNR (1389-1414),GRHGSGSGQSSGFGHHESSSWQSSGX,Lipid Bilayer,
17463,Pal-GR13-C,GRRGGRGGRGRGRX,Lipid Bilayer,
17464,GR13-8-Cys-C16,GRRGGRGXGRGRGR,Lipid Bilayer,
17465,LCE1B (78-88),SHHRRRRSHCH,Lipid Bilayer,
17466,LCE2A (70-82),SHHRPRLFHRHRH,Lipid Bilayer,
17467,LCE3A (50-60),SHHRCRRSHRC,Lipid Bilayer,
17468,LCE3C (55-66),SHHRHFRSHQCR,Lipid Bilayer,
17469,LCE3D (55-64),NHHRRHHRCR,Lipid Bilayer,
17642,"JC-AA-(D4,7+D4,7)",GLLkRIkTLLX    GLLkRIkTLLX,Lipid Bilayer    DNA / RNA,
17644,"JCN-AA-(D4,7+D4,7)",GLLkRIkTLLX    XGLLkRIkTLL,Lipid Bilayer    DNA / RNA,
17646,"JC-AA-(D4,7+D5,7)",GLLkRIkTLLX    GLLKrIkTLLX,Lipid Bilayer    DNA / RNA,
17648,"JCN-AA-(D4,7+D5,7)",GLLkRIkTLLX    XGLLKrIkTLL,Lipid Bilayer    DNA / RNA,
17650,"JC-AA-(D9,10,3+D5,7)",GLlKRIKTllX    GLLKrIkTLLX,Lipid Bilayer    DNA / RNA,
17651,"JCN-AA-(D9,10,3+D5,7)",GLlKRIKTllX    XGLLKrIkTLL,Lipid Bilayer    DNA / RNA,
17652,"Anoplin [L2,3,9,10A; I6A]",GAAKRAKTAA,,
17653,"Anoplin [L2,3,9,A; I6A]",GAAKRAKTAL,,
17654,"Anoplin [L2,9A; I6A]",GALKRAKTAL,,
17655,"Anoplin [L3A,I6A]",GLAKRAKTLL,,
17656,"Anoplin [I6L,L10A]",GLLKRLKTLA,Lipid Bilayer,
17657,Anoplin [I6F],GLLKRFKTLL,Lipid Bilayer,
17658,"Anoplin [L2,10W;L3,9F]",GWFKRIKTFW,Lipid Bilayer,
17659,"Anoplin [L2,3,9,10W;I6W]",GWWKRWKTWW,Lipid Bilayer,
17660,"Anoplin [L2,10F;I6F]",GFLKRFKTLF,Lipid Bilayer,
17661,Anoplin [I6W],GLLKRWKTLL,Lipid Bilayer,
17662,"Anoplin [L2,3,9,10F;I6W]",GFFKRWKTFF,Lipid Bilayer,
17663,"Anoplin [L2,10W;I6W]",GWLKRWKTLW,Lipid Bilayer,
17664,"Anoplin [L2,3,9,10W]",GWWKRIKTWW,Lipid Bilayer,
17665,,GIRWKFWKFT,Lipid Bilayer,
17666,"Anoplin [G1K;L2,10W;L3,9F]",KWFKRIKTFW,Lipid Bilayer,
17673,"Anoplin [L3W,I6W,T8K,L9F,L10W]",GLWKRWKKFW,Lipid Bilayer,
17674,,KWWKRWKKWW,Lipid Bilayer,
17675,"Anoplin [L2,3,9,10F;K4R]",GFFRRIKTFF,Lipid Bilayer,
17676,"Anoplin [L2,3,9,10F;K7R]",GFFKRIRTFF,Lipid Bilayer,
17677,,GFFRRIRTFF,Lipid Bilayer,
17678,,RWWRRWRRWW,Lipid Bilayer,
17679,,KWWKKWKKWW,Lipid Bilayer,
17680,(WRI)2,WRIWRI,Lipid Bilayer,
17681,(WRI)3,WRIWRIWRI,Lipid Bilayer,
17682,(WRI)4,WRIWRIWRIWRI,Lipid Bilayer,
17683,(WRI)5,WRIWRIWRIWRIWRI,Lipid Bilayer,
17684,(WRL)2,WRLWRL,Lipid Bilayer,
17685,(WRL)3,WRLWRLWRL,Lipid Bilayer,
17686,(WRL)4,WRLWRLWRLWRL,Lipid Bilayer,
17687,(WRL)5,WRLWRLWRLWRLWRL,Lipid Bilayer,
17688,(WRF)2,WRFWRF,Lipid Bilayer,
17689,(WRF)3,WRFWRFWRF,Lipid Bilayer,
17690,(WRF)4,WRFWRFWRFWRF,Lipid Bilayer,
17691,(WRF)5,WRFWRFWRFWRFWRF,Lipid Bilayer,
17692,(WRW)2,WRWWRW,Lipid Bilayer,
17693,(WRW)3,WRWWRWWRW,Lipid Bilayer,
17694,(WRW)4,WRWWRWWRWWRW,Lipid Bilayer,
17695,(WRW)5,WRWWRWWRWWRWWRW,Lipid Bilayer,
17696,(WRK)2,WRKWRK,Lipid Bilayer,
17697,(WRK)3,WRKWRKWRK,Lipid Bilayer,
17698,(WRK)4,WRKWRKWRKWRK,Lipid Bilayer    DNA / RNA,
17699,(WRK)5,WRKWRKWRKWRKWRK,Lipid Bilayer    DNA / RNA,
17720,Bac7 (1-16)[R1W],WRIRPRPPRLPRPRPR,Cytoplasmic Protein    Lipid Bilayer    DNA / RNA,
17721,Bac7 (1-16)[P15W],RRIRPRPPRLPRPRWR,Cytoplasmic Protein    Lipid Bilayer    DNA / RNA,
17722,"Bac7 (1-16)[R1W,P13W]",WRIRPRPPRLPRWRPR,Cytoplasmic Protein    Lipid Bilayer    DNA / RNA,
17723,"Bac7 (1-16)[R1W,P5R,P15W]",WRIRRRPPRLPRPRWR,Cytoplasmic Protein    Lipid Bilayer    DNA / RNA,
17724,"Bac7 (1-16)[R1W,P5R,P7W,P15W], B7-005",WRIRRRWPRLPRPRWR,Cytoplasmic Protein    Lipid Bilayer    DNA / RNA,
17732,C8-R1,RWW,Lipid Bilayer,
17733,C10-R1,RWW,Lipid Bilayer,
17734,C12-R1,RWW,Lipid Bilayer,
17735,C14-R1,RWW,Lipid Bilayer,
17736,C16-R1,RWW,Lipid Bilayer,
17737,C18-R1,RWW,Lipid Bilayer,
17738,C8-R2,RRW,Lipid Bilayer,
17739,C10-R2,RRW,Lipid Bilayer,
17740,C12-R2,RRW,Lipid Bilayer,
17741,C14-R2,RRW,Lipid Bilayer,
17742,C16-R2,RRW,Lipid Bilayer,
17743,C18-R2,RRW,Lipid Bilayer,
17779,C8-R3,RRR,,
17780,C10-R3,RRR,Lipid Bilayer,
17781,C18-R3,RRR,Lipid Bilayer,
17782,C8-W1R2,RWR,Lipid Bilayer,
17783,C12-W1R2,RWR,Lipid Bilayer,
17784,C16-W1R2,RWR,Lipid Bilayer,
17785,C8-W1,WRR,Lipid Bilayer,
17786,C16-W1,WRR,Lipid Bilayer,
17787,C18-W1,WRR,Lipid Bilayer,
17853,,GRWWWRG,Lipid Bilayer,
17854,,IRWWWRI,Lipid Bilayer,
17855,,LRWWWRL,Lipid Bilayer,
17856,,FRWWWRF,Lipid Bilayer,
17857,,WRWWWRW,Lipid Bilayer,
17858,,VRWWWRV,Lipid Bilayer,
17859,,ARWWWRA,Lipid Bilayer,
17860,,GWRWWWRWG,Lipid Bilayer,
17861,,IWRWWWRWI,Lipid Bilayer,
17862,,LWRWWWRWL,Lipid Bilayer,
17863,,FWRWWWRWF,Lipid Bilayer,
17864,,WWRWWWRWW,Lipid Bilayer,
17865,,VWRWWWRWV,Lipid Bilayer,
17866,,AWRWWWRWA,Lipid Bilayer,
17867,,GRRWWWRRG,Lipid Bilayer,
17868,,IRRWWWRRI,Lipid Bilayer,
17869,,LRRWWWRRL,Lipid Bilayer,
17870,,FRRWWWRRF,Lipid Bilayer,
17871,,WRRWWWRRW,Lipid Bilayer,
17872,,VRRWWWRRV,Lipid Bilayer,
17873,,ARRWWWRRA,Lipid Bilayer,
18190,Lausporin-1,FLSALWGVAKSLF,Lipid Bilayer,
18191,Lausporin-2,FPFLLSLIPSAISALKKL,Lipid Bilayer,
18490,"Human beta-defensin-4, hBD4",EFELDRICGYGTARCRKKCRSQEYRIGRCPNTYACCLRKWDESLLNRTKP,Lipid Bilayer,
18491,"hBD3(1-23)-hBD4(20-28)-hBD3(33-45), H4",GIINTLQKYYCRVRGGRCAVLSCRSQEYRIGRCSTRGRKCCRRKK,Lipid Bilayer,
18535,Globomycin,XXSXG,Membrane Protein    Lipid Bilayer,
18590,"Cecropin A (5-41), DAN1",KWKIFKKIEKVGRNVRDGIIKAGPAVQVVGQATSIAK,Lipid Bilayer,
18591,"Cecropin A (5-41), DAN2",RWKFLKKIEKVGRKVRDGVIKAGPAVGVVGQATSIYK,Lipid Bilayer,
18592,"Defensin (47-90), LOUDEF 1",ATCDLLSASTPWGSLNHSACAAHCLTKRYKGGRCRNGICRCRR,Lipid Bilayer,
18593,"Defensin (21-65), HOLO1",VTCDLLSAEAKGVKVNHAACAAHCLLKRKRGGYCNKRRICVCRN,Lipid Bilayer,
18636,Cecropin-like peptide Hill-Cec7 / H15,GWWKKVFKPVEKLGQRVRDAGIQGIAIAQQGANVLATVRGGPPQ,Lipid Bilayer,
18639,Cecropin-like peptide Hill-Cec10 / H13,RWYKKIFKPVEKAVQRVRDGTLQALGVAQQAANVYATAQGAQQQRHA,Lipid Bilayer,
18698,Polymyxin B2,XTXXXfLXXT,Lipid Bilayer,
18699,Polymyxin B3,XTXXXfLXXT,Lipid Bilayer,
18700,Polymyxin B4,XTXXXfLXXT,Lipid Bilayer,
18701,Polymyxin B5,XTXXXfLXXT,Lipid Bilayer,
18702,"polymyxin Ile-B1, Polymyxin II",XTXXXfIXXT,Lipid Bilayer,
18703,"Polymyxin E2, Colistin b",XTXXXlLXXT,Lipid Bilayer,
18705,Polymyxin E3,XTXXXlLXXT,Lipid Bilayer,
18706,Polymyxin E4,XTXXXlLXXT,Lipid Bilayer,
18708,Polymyxin E7,XTXXXlLXXT,Lipid Bilayer,
18711,"Polymyxin E1-Ile, Colistin III",XTXXXlIXXT,Lipid Bilayer,
18712,Polymyxin E1-Nva,XTXXXlXXXT,Lipid Bilayer,
18713,Polymyxin E1-Val,XTXXXlVXXT,Lipid Bilayer,
18714,Polymyxin E2-Ile,XTXXXlIXXT,Lipid Bilayer,
18715,Polymyxin E2-Nva,XTXXXlXXXT,Lipid Bilayer,
18716,Polymyxin E2-Val,XTXXXlVXXT,Lipid Bilayer,
18717,Polymyxin A1,XTxXXlTXXT,Lipid Bilayer,
18718,Polymyxin A2,XTxXXlTXXT,Lipid Bilayer,
18719,Polymyxin M1,XTXXXlTXXT,Lipid Bilayer,
18720,Polymyxin M2,XTXXXlTXXT,Lipid Bilayer,
18721,Polymyxin D1,XTsXXlTXXT,Lipid Bilayer,
18722,Polymyxin D2,XTsXXlTXXT,Lipid Bilayer,
18723,Polymyxin S1,XTsXXfTXXT,Lipid Bilayer,
18724,Polymyxin S2,XTsXXfTXXT,Lipid Bilayer,
18725,Polymyxin T1,XTXXXfLXXL,Lipid Bilayer,
18726,Polymyxin T2,XTXXXfLXXL,Lipid Bilayer,
18759,Polymyxin B-12,TXXXfLXXT,Lipid Bilayer,
18760,Polymyxin B-13,XTXXXfLXXT,Lipid Bilayer,
18761,Polymyxin B-10,XTXXXfLXXT,Lipid Bilayer,
18762,Polymyxin B-14,XTXXXfLXXT,Lipid Bilayer,
18763,Polymyxin B-15,XTXXXfLXXT,Lipid Bilayer,
18764,Polymyxin B-16,XTxXXfLXXT,Lipid Bilayer,
18765,Polymyxin B-17,XTsXXfLXXT,Lipid Bilayer,
18766,Polymyxin B-36,XTxXXfLXXT,Lipid Bilayer,
18767,Polymyxin B-37,XTsXXfLXXT,Lipid Bilayer,
18768,Polymyxin B-38,XTGXXfLXXT,Lipid Bilayer,
18769,Polymyxin B-39,TGXXfLXXT,Lipid Bilayer,
18770,Polymyxin B-40,xTGXXfLXXT,Lipid Bilayer,
18771,Polymyxin B-41,GXTXXfLXXT,Lipid Bilayer,
18772,Polymyxin B-20,XTXXXfLXXT,Lipid Bilayer,
18773,Polymyxin B-21,XTXXXfLXRT,Lipid Bilayer,
18774,Polymyxin B-24,XTXXXfLXXT,Lipid Bilayer,
18775,Polymyxin B-25,XTXXXfLXXT,Lipid Bilayer,
18776,Polymyxin B-26,XTXXXfLRXT,Lipid Bilayer,
18777,Polymyxin B-33,XTXXXfLXXT,Lipid Bilayer,
18778,Polymyxin B-34,XTXXXfLXXT,Lipid Bilayer,
18779,Polymyxin B-35,XTXXRfLXXT,Lipid Bilayer,
19028,Paenibacterin,KVTXSVKSIPVKI,Lipid Bilayer,
19198,"buCATHL4B [W4,8Y]",AIPYIWIYRLLRKG,Lipid Bilayer,
19199,"buCATHL4B [W4,8F]",AIPFIWIFRLLRKG,Lipid Bilayer,
19200,"buCATHL4B [W4,6,8Y]",AIPYIYIYRLLRKG,Lipid Bilayer,
19201,"buCATHL4B [W4,6,8F]",AIPFIFIFRLLRKG,Lipid Bilayer,
19202,"buCATHL4B [W4,6Y]",AIPYIYIWRLLRKG,Lipid Bilayer,
19203,"buCATHL4B [W4,6F]",AIPFIFIWRLLRKG,Lipid Bilayer,
19205,buCATHL4B [W6.8Y],AIPWIYIYRLLRKG,Lipid Bilayer,
19207,buCATHL4B [W6.8F],AIPWIFIFRLLRKG,Lipid Bilayer,
19247,Cathelicidin VicBac,RRIRRPRLPRPRVPRPRIPPRIPRPVLPPPRVPFPRFPR,Cytoplasmic Protein    Lipid Bilayer,
19248,Cathelicidin VicBac (1-22),RRIRRPRLPRPRVPRPRIPPRI,Cytoplasmic Protein    Lipid Bilayer,
19255,Bactenecin-7 (1-22),RRIRPRPPRLPRPRPRPLPFPR,Cytoplasmic Protein    Lipid Bilayer,
19467,"Kn2-7 [R4,7,10K]",FIKKIAKLLKKIF,Lipid Bilayer,
19468,"Kn2-7 [K3,11R]",FIRRIARLLRRIF,Lipid Bilayer,
19602,F(RI)2,IRIRRRRFRIRI,Lipid Bilayer,
19603,F(IR)2,RIRIRRRFIRIR,Lipid Bilayer,
19604,F(RF)2,FRFRRRRFRFRF,Lipid Bilayer,
19605,F(RW)2,WRWRRRRFRWRW,Lipid Bilayer,
19606,F(RV)2,VRVRRRRFRVRV,Lipid Bilayer,
19607,F(RA)2,ARARRRRFRARA,Lipid Bilayer,
19608,F(KW)2,WKWKRRRFKWKW,Lipid Bilayer,
19609,F(KI)2,IKIKRRRFKIKI,Lipid Bilayer,
19610,F(KL)2,LKLKRRRFKLKL,Lipid Bilayer,
19611,F(RI)3,IRIRIRRRRFRIRIRI,Lipid Bilayer,
19612,F(KW)3,WKWKWKRRRFKWKWKW,Lipid Bilayer,
19613,F(RF)2R,RFRFRRRRFRFRFR,Lipid Bilayer,
19614,F(RF)3,FRFRFRRRRFRFRFRF,Lipid Bilayer,
19615,F(RI)2R,RIRIRRRRFRIRIR,Lipid Bilayer,
19616,F(KW)2K,KWKWKRRRFKWKWK,Lipid Bilayer,
19630,,RIWR,Lipid Bilayer,
19631,Bactenecin-7 (1-16),RRIRPRPPRLPRPRPR,Lipid Bilayer,
19633,Bac-Lp-I,RIWR    RRIRPRPPRLPRPRPRK,Lipid Bilayer,
19646,"Polybia-MPII [K5,8H], HMPII",INWLHLGHMVIDAL,Lipid Bilayer,
19647,"Polybia-MPII [K5,8R], RMPII",INWLRLGRMVIDAL,Lipid Bilayer,
19648,"Polybia-MPII [K5,8Orn], OMPII",INWLXLGXMVIDAL,Lipid Bilayer,
19649,"Polybia-MPII [K5,8Dab], BMPII",INWLXLGXMVIDAL,Lipid Bilayer,
19650,"Polybia-MPII [K5,8Dap], PMPII",INWLXLGXMVIDAL,Lipid Bilayer,
19668,Abarenicin-1 [M9L],GYCFTACYLRNGVRICYRRCN,Lipid Bilayer,
19669,"Abarenicin-1 [Y8A,M9L]",GYCFTACALRNGVRICYRRCN,Lipid Bilayer,
19670,"Abarenicin-1 [Y8R,M9L]",GYCFTACRLRNGVRICYRRCN,Lipid Bilayer,
19671,Abarenicin-1 [M9A],GYCFTACYARNGVRICYRRCN,Lipid Bilayer,
19672,Abarenicin-1 [M9R],GYCFTACYRRNGVRICYRRCN,Lipid Bilayer,
19673,"Abarenicin-1 [M9L,V13A]",GYCFTACYLRNGARICYRRCN,Lipid Bilayer,
19674,"Abarenicin-1 [M9L,V13R]",GYCFTACYLRNGRRICYRRCN,Lipid Bilayer,
19676,"Abarenicin-1 [M9L,I15A]",GYCFTACYLRNGVRACYRRCN,Lipid Bilayer,
19679,"Abarenicin-1 [M9L,I15R]",GYCFTACYLRNGVRRCYRRCN,Lipid Bilayer,
19683,"Abarenicin-1 [Y8A,M9L]",GYCFTACARRNGVRICYRRCN,Lipid Bilayer,
19684,"Abarenicin-1 [M9R,C13A]",GYCFTACYRRNGARICYRRCN,Lipid Bilayer,
19685,"Abarenicin-1 [Y8A,M9R,V13A]",GYCFTACARRNGARICYRRCN,Lipid Bilayer,
19686,UuBRI-21,GFCGYACYYRNGVRICVRYCN,Lipid Bilayer,
19701,"R-Capitellacin, CT2",RSPRVCIRVCRNGVCYRRCWG,Lipid Bilayer,
19702,"Capitellacin (1-19), CT3",SPRVCIRVCRNGVCYRRCW,Lipid Bilayer,
19703,"Capitellacin (3-19), CT4",RVCIRVCRNGVCYRRCW,Lipid Bilayer,
19704,"Capitellacin (3-19)[R3K,V4W,W19R], CT5",KWCIRVCRNGVCYRRCR,Lipid Bilayer,
19705,"Capitellacin (3-19)[I6F], CT6",RVCFRVCRNGVCYRRCW,Lipid Bilayer,
19706,"Capitellacin (3-19)[R10Y,N11R], CT7",RVCIRVCYRGVCYRRCW,Lipid Bilayer,
19776,IKR18,IKRQYKRFFKLFKWFLKK,Lipid Bilayer,
19777,RQ18,RALRKALKAWRKLAKKLQ,Lipid Bilayer,
19810,"Thanatin [C11T], lantha",GSKKPVPIIYTNRRTGKCQRM,,
19811,"Thanatin [C11T], lantha-8",GSKKPVPIIYTNRRTGKCQRMX,Lipid Bilayer,
19812,"Thanatin [C11T], lantha-10",GSKKPVPIIYTNRRTGKCQRMX,Lipid Bilayer,
19813,"Thanatin [C11T], lantha-12",GSKKPVPIIYTNRRTGKCQRM,Lipid Bilayer,
19814,lanrip,GRVPIIYTNRKXGVCKRM,,
19815,lanrip-8,GRVPIIYTNRKXGVCKRMX,Lipid Bilayer,
19816,lanrip-10,GRVPIIYTNRKXGVCKRMX,Lipid Bilayer,
19817,lanrip-12,GRVPIIYTNRKXGVCKRM,Lipid Bilayer,
19842,Temporin-PE [F1E],ELPIVAKLLSGLL,,
19843,Temporin-PE [L2E],FEPIVAKLLSGLL,,
19844,Temporin-PE [P3E],FLEIVAKLLSGLL,Lipid Bilayer,
19845,Temporin-PE [I4E],FLPEVAKLLSGLL,Lipid Bilayer,
19846,Temporin-PE [V5E],FLPIEAKLLSGLL,,
19847,Temporin-PE [A6E],FLPIVEKLLSGLL,Lipid Bilayer,
19848,Temporin-PE [K7E],FLPIVAELLSGLL,,
19849,Temporin-PE [L8E],FLPIVAKELSGLL,Lipid Bilayer,
19850,Temporin-PE [L9E],FLPIVAKLESGLL,,
19851,Temporin-PE [S10E],FLPIVAKLLEGLL,Lipid Bilayer,
19852,Temporin-PE [G11E],FLPIVAKLLSELL,Lipid Bilayer,
19853,Temporin-PE [L12E],FLPIVAKLLSGEL,,
19854,Temporin-PE [L13E],FLPIVAKLLSGLE,,
19855,Temporin-PE [S10K],FLPIVAKLLKGLL,Lipid Bilayer,
19856,"Temporin-PE [I4K,A6K,S10E]",FLPKVKKLLEGLL,Lipid Bilayer,
19857,"Temporin-PE [I4K,G11K,S10E]",FLPKVAKLLEKLL,Lipid Bilayer,
19858,"Temporin-PE [,A6K,S10E,G11K]",FLPIVKKLLEKLL,Lipid Bilayer,
19859,"Temporin-PE [I4K,A6K,S10E,G11K]",FLPKVKKLLEKLL,Lipid Bilayer,
19860,Temporin-PE [G11K],FLPIVAKLLSKLL,Lipid Bilayer,
19861,"Temporin-PE [I4K,A6K,G11E]",FLPKVKKLLSELL,Lipid Bilayer,
19862,"Temporin-PE [A6K,S10K,G11E]",FLPIVKKLLKELL,Lipid Bilayer,
19863,"Temporin-PE [I4K,A6K,S10K,G11E]",FLPKVKKLLKELL,Lipid Bilayer,
19864,"Temporin-PE [I4K,S10K,G11E]",FLPKVAKLLKELL,Lipid Bilayer,
19865,LI7,LKKLCRI,Lipid Bilayer,
19866,LI14,LKKLCRILKKLCRI,Lipid Bilayer,
19867,LI21,LKKLCRILKKLCRILKKLCRI,Lipid Bilayer,
19889,"Musca domestica antifungal peptide-1, MAF-1A",KKFKETADKLIESAKQQLESLAKEMK,Lipid Bilayer,
19890,MAF-1A derived peptide Mt6,KKFKKTAKWLIKSAWLLLKSLALKMK,Lipid Bilayer,
19891,MAF-1A derived peptide D-Mt6,kkfkktakwliksawlllkslalkmk,Lipid Bilayer,
20037,Darobactin B,WNWTKRF,Membrane Protein,
20040,,GWRRRWG,Lipid Bilayer,
20041,,IWRRRWI,Lipid Bilayer,
20042,,LWRRRWL,Lipid Bilayer,
20043,,FWRRRWF,Lipid Bilayer,
20044,,WWRRRWW,Lipid Bilayer,
20045,,VWRRRWV,Lipid Bilayer,
20054,,AWRRRWA,Lipid Bilayer,
20055,,GWWRRRWWG,Lipid Bilayer,
20056,,IWWRRRWWI,Lipid Bilayer,
20057,,LWWRRRWWL,Lipid Bilayer    DNA / RNA,
20058,,FWWRRRWWF,Lipid Bilayer,
20059,,WWWRRRWWW,Lipid Bilayer,
20060,,VWWRRRWWV,Lipid Bilayer,
20061,,AWWRRRWWA,Lipid Bilayer,
20075,,GRWRRRWRG,Lipid Bilayer,
20076,,IRWRRRWRI,Lipid Bilayer,
20077,,LRWRRRWRL,Lipid Bilayer,
20078,,FRWRRRWRF,Lipid Bilayer,
20079,,WRWRRRWRW,Lipid Bilayer,
20080,,VRWRRRWRV,Lipid Bilayer,
20081,,ARWRRRWRA,Lipid Bilayer,
20270,"I-Ovispirin (4-18), OV3-00",IRRIIRKIIHIIKKYG,Lipid Bilayer,
20271,"GGH-I-Ovispirin (4-18), OV3-01",GGHIRRIIRKIIHIIKKYG,Lipid Bilayer,
20274,"GGH-Indolicidin-GGC, IND-01",GGHILPWKWPWWPWRRGGC,Lipid Bilayer,
20275,"GGH-Magainin 2 [F12W], Mag2-01",GGHGIGKFLHSAKKWGKAFVGEIMNS,Lipid Bilayer,
20276,CP29-01,GGHKWKSFIKKLTTAVKKVLTTGLPALIS,Lipid Bilayer,
20277,CP10A,GILAWKWAWWAWRR,Lipid Bilayer,
20278,"GGH-G-Tritrpticin-GGC, TRP-01",GGHVRRFPWWWPFLRRGGC,Lipid Bilayer,
20279,PFQα-01,GGHYLGALLGPLMNLLQ,Lipid Bilayer,
20288,HG2,MKKLLLILFCLALALAGCKKAP,Lipid Bilayer,
20295,HG4,VLGLALIVGGALLIKKKQAKS,Lipid Bilayer,
20408,Anoplin,GLLKRIKTLL,Lipid Bilayer,
20409,Anoplin,GLLKRIKTLL,Lipid Bilayer,
20412,Dimerized Anoplin,GLLKRIKTLLK    GLLKRIKTLL,Lipid Bilayer,
20415,Dimerized Anoplin,GLLKRIKTLLK    GLLKRIKTLL,Lipid Bilayer,
20418,Dimerized Anoplin,GLLKRIKTLLK    GLLKRIKTLL,Lipid Bilayer,
20421,Dimerized Anoplin,GLLKRIKTLLK    GLLKRIKTLL,Lipid Bilayer,
20424,Dimerized Anoplin,GLLKRIKTLLK    GLLKRIKTLL,Lipid Bilayer,
20427,Dimerized Anoplin,GLLKRIKTLLK    GLLKRIKTLL,Lipid Bilayer,
20429,Trimerized Anoplin,GLLKRIKTLLKK    GLLKRIKTLL    GLLKRIKTLL,Lipid Bilayer,
20431,Trimerized Anoplin,GLLKRIKTLLKK    GLLKRIKTLL    GLLKRIKTLL,Lipid Bilayer,
20433,Trimerized Anoplin,GLLKRIKTLLKK    GLLKRIKTLL    GLLKRIKTLL,Lipid Bilayer,
20435,Trimerized Anoplin,GLLKRIKTLLKK    GLLKRIKTLL    GLLKRIKTLL,Lipid Bilayer,
20437,Trimerized Anoplin,GLLKRIKTLLKK    GLLKRIKTLL    GLLKRIKTLL,Lipid Bilayer,
20439,Trimerized Anoplin,GLLKRIKTLLKK    GLLKRIKTLL    GLLKRIKTLL,Lipid Bilayer,
20440,Tetramerized Anoplin,GLLKRIKTLLKK    GLLKRIKTLL    GLLKRIKTLLK    GLLKRIKTLL,Lipid Bilayer,
20449,Tetramerized Anoplin,GLLKRIKTLLKK    GLLKRIKTLL    GLLKRIKTLLK    GLLKRIKTLL,Lipid Bilayer,
20451,Tetramerized Anoplin,GLLKRIKTLLKK    GLLKRIKTLL    GLLKRIKTLLK    GLLKRIKTLL,Lipid Bilayer,
20452,Tetramerized Anoplin,GLLKRIKTLLKK    GLLKRIKTLL    GLLKRIKTLLK    GLLKRIKTLL,Lipid Bilayer,
20454,Tetramerized Anoplin,GLLKRIKTLLKK    GLLKRIKTLL    GLLKRIKTLLK    GLLKRIKTLL,Lipid Bilayer,
20456,Tetramerized Anoplin,GLLKRIKTLLKK    GLLKRIKTLL    GLLKRIKTLLK    GLLKRIKTLL,Lipid Bilayer,
20466,Penicillin G,Cv,Membrane Protein,
20567,[R5W4],RRRRRWWWW,Lipid Bilayer,
20601,,LKLKLKLTGKLKLKL,Lipid Bilayer,
20602,,LKLKLKVpPTKLKLKL,Lipid Bilayer,
20603,,LKLKLKpGKLKLKL,Lipid Bilayer,
20604,,LKLKLKINGKKLKLKL,Lipid Bilayer,
20605,,LKLKLKNGKLKLKL,Lipid Bilayer,
20606,,LKLKLKpNKLKLKL,Lipid Bilayer,
20607,,LKLKLKRDGKLKLKL,Lipid Bilayer,
20608,,LKLKLKNPDGKLKLKL,Lipid Bilayer,
20609,,LKLKLKEGNKKLKLKL,Lipid Bilayer,
20610,,LKLKLKRDNKLKLKL,Lipid Bilayer,
20818,IDR-1018-G,VRLIVAVRIWRRG,Lipid Bilayer,
20819,IDR-1002-G,VQRWLIVWRIRKG,Lipid Bilayer,
20820,3002-G,ILVRWIRWRIQWG,Lipid Bilayer,
20883,"Bac7 (1-16)[R1W,P5R,P7W,P15W]+bac7(17–22); B7-B6",WRIRRRWPRLPRPRWRPLPFPR,Lipid Bilayer,
20978,Meropenem,X,Membrane Protein,
21022,,RVRWRlfXaRWRVR,Lipid Bilayer,
21509,PMAP-36 (12-31),KRLKKIGKVLKWIPPIVGSI,Lipid Bilayer,
21510,"PMAP-36 (12-31)[P25A,P26K]",KRLKKIGKVLKWIAKIVGSI,Lipid Bilayer,
21511,"PMAP-36 (12-31)[P25A,P26K]",KRLKKIGKVLKWIAKIVGSI,Lipid Bilayer,
21512,"PMAP-36 (12-31)[P25A,P26K]",KRLKKIGKVLKWIAKIVGSI,Lipid Bilayer,
21513,"PMAP-36 (12-31)[P25A,P26K]",KRLKKIGKVLKWIAKIVGSI,,
21514,"PMAP-36 (12-31)[P25A,P26K]",KRLKKIGKVLKWIAKIVGSIX,Lipid Bilayer,
21515,PMAP-36 (12-24),KRLKKIGKVLKWI,Lipid Bilayer,
21516,PMAP-36 (12-24)[L21Aib],KRLKKIGKVXKWI,Lipid Bilayer,
21525,Mauriporin / NDBP-2.8,FKIGGFIKKLWRSKLAKKLRAKGRELLKDYANRVINGGPEEEAAVPAE,Lipid Bilayer,
21559,WBP-29479A1,VrSGxLrEvwX,Membrane Protein,
21598,Muramyl dipeptide (Val-D-IGln),Vx,Immunomodulation,
21599,Muramyl dipeptide (Ala-D-IGln),Ax,Immunomodulation,
21600,Muramyl dipeptide (Pro-D-IGln),Px,Immunomodulation,
21640,Temporin-SHf (2-8),FFLSRIF,,
21641,Temporin-SHf (3-8),FLSRIF,,
21642,Temporin-SHf (3-8),FLSRIF,Lipid Bilayer,
21643,Temporin-SHf [F1Y],YFFLSRIF,,
21644,Temporin-SHf [F2Y],FYFLSRIF,,
21645,Tyr-Temporin-SHf,YFFFLSRIF,Lipid Bilayer,
21646,Tyr-Temporin-SHf [F1Y],YYFFLSRIF,Lipid Bilayer,
21647,Tyr-Temporin-SHf [F2Y],YFYFLSRIF,Lipid Bilayer,
21660,2Tyr-Temporin-SHf,YYFFFLSRIF,Lipid Bilayer,
21661,2Phe-Temporin-SHf,FFFFFLSRIF,Lipid Bilayer,
21662,Temporin-SHf [S5E],FFFLERIF,,
21663,Tyr-Temporin-SHf [S5R],YFFFLRRIF,Lipid Bilayer,
21671,Phe-Temporin-SHf [S5R],FFFFLRRIF,Lipid Bilayer,
21672,2Phe-Temporin-SHf [S5R],FFFFFLRRIF,Lipid Bilayer,
21673,Phe-Temporin-SHf-Arg [S5R],FFFFLRRIFR,Lipid Bilayer,
21674,2Phe-Temporin-SHf-2Arg [S5R],FFFFLRRIFRR,Lipid Bilayer,
21688,Phe-Temporin-SHf [S5r],FFFFLrRIF,Lipid Bilayer,
21689,Phe-Temporin-SHf [S5R; R6r],FFFFLRrIF,Lipid Bilayer,
21690,Phe-Temporin-SHf [S5r; R6r],FFFFLrrIF,Lipid Bilayer,
21697,,FLRRIFFFF,Lipid Bilayer,
21698,,RFLRRIFFFF,Lipid Bilayer,
21699,,RRFLRRIFFFF,Lipid Bilayer,
21700,,RFLRRIFRFFF,Lipid Bilayer,
21701,,RFLRRIFKFFF,Lipid Bilayer,
21702,,rflrriffff,Lipid Bilayer,
21703,,ffffirrlfr,Lipid Bilayer,
21721,Cecropin-like peptide H1,GWWKRVFKPVEKLGQRVRDAGIQGLEIAQQGANVLATVRGGPPQQG,Lipid Bilayer,
21722,Cecropin-like peptide H2,SLWKKIFKPVEKLGQRVRDAGIQGIAIAQQGANVLATVRGGPPQQG,Lipid Bilayer,
21723,Cecropin-like peptide H3,SLWKKLFKPVERAGQRIRDATIKGIAIAQQGANVLATLRGGPAIAPGQG,Lipid Bilayer,
21724,Cecropin-like peptide H4,GWWKRVFKPVERLGQRVRDAGIQGLQIAQQGANVLATVRGGPPQQG,Lipid Bilayer,
21725,Cecropin-like peptide H5,GWWKRVFKPVEKLGQRVRDAGIQGLEIAQQGANVLATARGGPPQQG,Lipid Bilayer,
21726,Cecropin-like peptide H6,GWWKRVFKPVERLGQRVRDAGIQGLEIAQQGANVLATVRGGPPQQG,Lipid Bilayer,
21727,Cecropin-like peptide H7,SWWKKVFKPVERAGQRIRDASIKGLAVAQQGANVLSTIRGGPPVVAPPPQV,Lipid Bilayer,
21728,Cecropin-like peptide H8,GWWKRVFKPVEKLGQRVRDAGIQGLQIAQQGANVLATVRGGPPQQG,Lipid Bilayer,
21729,Cecropin-like peptide H9,RSLWKKIFKPVEKLGQRVRDAGIQGIAIAQQGANVLATIRGGPPQ,Lipid Bilayer,
21742,Cecropin-like peptide H10,SWWKKVFKPVEKLGQRVRDATIQGLGIAQQGANVLATVRGGPPQ,Lipid Bilayer,
21743,Cecropin-like peptide H11,SLWKKLFKPVERAGQRIRDATIKGIVIAQQGANVLATIRGGPAIPPGQG,Lipid Bilayer,
21744,Cecropin-like peptide H12,SWFKKVFKPVEKVGQRVRDAGIQGLTIAQQGANVLATARGGPPH,Lipid Bilayer,
21745,Cecropin-like peptide H14,GWWKRVFKPVEKFGQRVRDAGVQGIAIAQQGANVLATARGGPPQQG,Lipid Bilayer,
21790,E(p-BthTX-I) 2,KKYRYHLKPFCKK    EKKYRYHLKPFCKK,Lipid Bilayer,
21793,"des-K1,2,12,13;C11-(p-BthTX-I)2K",YRYHLKPF    YRYHLKPFK,Lipid Bilayer,
21794,Bothropstoxin-I (105-114),KKYRYHLKPF,Virus Protease,
21796,"des-C11;K12,13-(p-BthTX-I)2K",KKYRYHLKPF    KKYRYHLKPFK,Lipid Bilayer    Virus Protease,
21932,D-Bothropstoxin-I (105-114),kkyryhlkpf,Lipid Bilayer    Virus Protease,
21935,"D-des-C11;K12,13-(p-BthTX-I)2K",kkyryhlkpf    kkyryhlkpfk,Lipid Bilayer    Virus Protease,
21936,"D-des-C11;K12,13-((p-BthTX-I)2K)4K",kkyryhlkpf    kkyryhlkpf    kkyryhlkpfk    kkyryhlkpfkk,Lipid Bilayer    Virus Protease,
21938,"des-C11;K12,13-((p-BthTX-I)2K)4K",KKYRYHLKPF    KKYRYHLKPF    KKYRYHLKPFK    KKYRYHLKPFKK,Lipid Bilayer    Virus Protease,
21987,,RXRXRlfXaRXRXR,Lipid Bilayer,
21988,,RXRXRlfXaRXRXR,Lipid Bilayer,
21989,,RXRXRlfXaRXRXR,Lipid Bilayer,
21990,,RXRXRlfXaRXRXR,Lipid Bilayer,
21992,,RXRWRlfXaRWRXR,Lipid Bilayer,
21993,,RXRWRlfXaRWRXR,Lipid Bilayer,
21994,,RXRWRlfXaRWRXR,Lipid Bilayer,
22201,Brevinin-1BW,FLPLLAGLAASFLPTIFCKISRKC,Lipid Bilayer,
22311,Ctriporin [G4K],FLWKLIPGAISAVTSLIKK,Lipid Bilayer,
22312,"Ctriporin [G4,8K]",FLWKLIPKAISAVTSLIKK,Lipid Bilayer,
22313,"Ctriporin [G4,8K; S11K]",FLWKLIPKAIKAVTSLIKK,Lipid Bilayer,
22314,"Ctriporin [G4,8K; S11K,A12K]",FLWKLIPKAIKKVTSLIKK,Lipid Bilayer,
22315,"Ctriporin [G4,8K; S11K;A12K;T14K]",FLWKLIPKAIKKVKSLIKK,Lipid Bilayer,
22316,"Ctriporin [G4,8K;S11K;A12K;T14K;S15K]",FLWKLIPKAIKKVKKLIKK,Lipid Bilayer,
22317,"Ctriporin [G4,8K;P7K;S11K;A12K;T14K;S15K]",FLWKLIKKAIKKVKKLIKK,Lipid Bilayer,
22385,Defensin-like peptide AmBRI-44a,ATCPAGDVLVRYNTCYWFCCDFCVRYSNGYTTCYRCSYLGRSCK,Lipid II,
22446,R(R)KW,R    RKW,,
22467,R(R)KW2,R    RKWW,,
22469,R(R)KW3,R    RKWWW,Lipid Bilayer,
22482,,RRKWWW,Lipid Bilayer,
22483,R2(R2)KW3,RR    RRKWWW,Lipid Bilayer,
22485,R2(R2)KW4,RR    RRKWWWW,Lipid Bilayer,
22486,Nocaviogua A,XASVSSDGC,Lipid II,
22489,Nocaviogua B,XASV    SSNGC,Lipid II,
22495,R4KW4,RRRRKWWWW,Lipid Bilayer,
22496,R2KW,RRKW,,
22497,R2KW2,RRKWW,Lipid Bilayer,
22498,R4KW3,RRRRKWWW,Lipid Bilayer,
22499,R4KW5,RRRRKWWWWW,Lipid Bilayer,
22500,R6KW5,RRRRRRKWWWWW,Lipid Bilayer,
22501,R6KW6,RRRRRRKWWWWWW,Lipid Bilayer,
22502,R6KW7,RRRRRRKWWWWWWW,Lipid Bilayer,
22503,W2KR,WWKR,,
22504,W2KR2,WWKRR,,
22505,W2KR3,WWKRRR,Lipid Bilayer,
22506,W4KR3,WWWWKRRR,Lipid Bilayer,
22507,W4KR4,WWWWKRRRR,Lipid Bilayer,
22508,W4KR5,WWWWKRRRRR,Lipid Bilayer,
22509,W6KR5,WWWWWWKRRRRR,Lipid Bilayer,
22510,W6KR6,WWWWWWKRRRRRR,Lipid Bilayer,
22511,W6KR7,WWWWWWKRRRRRRR,Lipid Bilayer,
22513,R2(R2)KW5,RR    RRKWWWWW,Lipid Bilayer,
22516,R3(R3)KW5,RRR    RRRKWWWWW,Lipid Bilayer,
22518,R3(R3)KW6,RRR    RRRKWWWWWW,Lipid Bilayer,
22520,R3(R3)KW7,RRR    RRRKWWWWWWW,Lipid Bilayer,
22523,W(W)KR,W    WKR,,
22525,W(W)KR2,W    WKRR,,
22527,W(W)KR3,W    WKRRR,,
22536,W2(W2)KR4,WWKRRRR    WW,Lipid Bilayer,
22537,W2(W2)KR3,WWKRRR    WW,Lipid Bilayer,
22540,W2(W2)KR5,WW    WWKRRRRR,Lipid Bilayer,
22568,W3(W3)KR5,WWW    WWWKRRRRR,Lipid Bilayer,
22569,W3(W3)KR6,WWW    WWWKRRRRRR,Lipid Bilayer,
22570,W3(W3)KR7,WWW    WWWKRRRRRRR,Lipid Bilayer,
22614,,SRR,Lipid Bilayer,
22615,,SRR,Lipid Bilayer,
22616,,RSR,Lipid Bilayer,
22617,,RSR,Lipid Bilayer,
22618,,RSR,Lipid Bilayer,
22619,,RRS,Lipid Bilayer,
22620,,RRS,Lipid Bilayer,
22621,,RRS,Lipid Bilayer,
22622,,XRR,Lipid Bilayer,
22623,,XRR,Lipid Bilayer,
22624,,XRR,Lipid Bilayer,
22625,,RXR,Lipid Bilayer,
22626,,RXR,Lipid Bilayer,
22627,,RXR,Lipid Bilayer,
22628,,RRX,Lipid Bilayer,
22629,,RRX,Lipid Bilayer,
22630,,RRX,Lipid Bilayer,
22631,LK2,GLLKKLLKKI,Lipid Bilayer,
22632,LK3,GLLKKLLKKLLKKI,Lipid Bilayer,
22633,LK4,GLLKKLLKKLLKKLLKKI,Lipid Bilayer,
22634,FK2,GFFKKFFKKI,Lipid Bilayer,
22635,FK3,GFFKKFFKKFFKKI,Lipid Bilayer,
22636,FK4,GFFKKFFKKFFKKFFKKI,Lipid Bilayer,
22637,WK3,GWWKKWWKKWWKKI,Lipid Bilayer,
22638,WK4,GWWKKWWKKWWKKWWKKI,Lipid Bilayer,
22639,WK2,GWWKKWWKKI,Lipid Bilayer,
22648,,KKXXXG,Lipid Bilayer,
22649,,KKXXXG,Lipid Bilayer,
22650,,KX,Lipid Bilayer,
22653,,KKX    K,Lipid Bilayer,
22655,,K    KKXX,Lipid Bilayer,
22657,,K    KKXX,Lipid Bilayer,
22876,Globomycin 51,XXXX,Membrane Protein    Lipid Bilayer,
23134,NCR094,YLKCKTVHDCPKSQVVYRCVGNYCRAVKIRRWNLG,Lipid Bilayer,
23135,NCR094 (1-12),YLKCKTVHDCPK,Lipid Bilayer,
23136,NCR094 (13-35),SQVVYRCVGNYCRAVKIRRWNLG,Lipid Bilayer,
23137,"NCR094 [C4,10,19,29S]",YLKSKTVHDSPKSQVVYRSVGNYCRAVKIRRWNLG,Lipid Bilayer,
23138,NCR092,MCEFGMIRRCISYKCQCHEAY,Lipid Bilayer,
23139,NCR092 (1-10),MCEFGMIRRC,Lipid Bilayer,
23140,NCR092 (11-21),ISYKCQCHEAY,Lipid Bilayer,
23141,"NCR092 [C2,10,15,17S]",MSEFGMIRRSISYKSQSHEAY,Lipid Bilayer,
23142,Massatide A,TXVPCxVAaFATGYFaC,Lipid II,
23243,Protegrin 1 [L5R],RGGRRCYCRRRFCVCVGR,Lipid Bilayer,
23244,Protegrin 1 [L5A],RGGRACYCRRRFCVCVGR,Lipid Bilayer,
23245,Protegrin 1 [V16R],RGGRLCYCRRRFCVCRGR,Lipid Bilayer,
23246,Protegrin 1 [V16A],RGGRLCYCRRRFCVCAGR,Lipid Bilayer,
23247,Protegrin 1 [V14R],RGGRLCYCRRRFCRCVGR,Lipid Bilayer,
23248,Protegrin 1 [V14A],RGGRLCYCRRRFCACVGR,Lipid Bilayer,
23249,Protegrin 1 [Y7R],RGGRLCRCRRRFCVCVGR,Lipid Bilayer,
23250,Protegrin 1 [Y7T],RGGRLCTCRRRFCVCVGR,Lipid Bilayer,
23252,"Protegrin 1 [Y7T,V16R]",RGGRLCTCRRRFCVCRGR,Lipid Bilayer,
23253,"Protegrin 1 [V14A,V16R]",RGGRLCYCRRRFCACRGR,Lipid Bilayer,
23254,"Protegrin 1 [L5A,V16R]",RGGRACYCRRRFCVCRGR,Lipid Bilayer,
23255,"Protegrin 1 [L5A,V14A]",RGGRACYCRRRFCACVGR,Lipid Bilayer,
23256,"Protegrin 1 [L5A,V16A]",RGGRACYCRRRFCVCAGR,Lipid Bilayer,
23330,LP1,KKKKLKKILKKLFQFINQLDNQLQDIKQNK,Lipid Bilayer    Immunomodulation,
23332,"LP1 [F13,15W]/LP3",KKKKLKKILKKLWQWINQLDNQLQDIKQNK,Lipid Bilayer,
23333,"LP1 [D20,25E]/LP8",KKKKLKKILKKLFQFINQLENQLQEIKQNK,Lipid Bilayer,
23334,"LP1 [Q28K,N29K]/LP18",KKKKLKKILKKLFQFINQLDNQLQDIKKKK,Lipid Bilayer    Immunomodulation,
23336,LP1-OH/LP22,KKKKLKKILKKLFQFINQLDNQLQDIKQNK,Lipid Bilayer,
23339,"K-LP1[Q28K,N29K]-K/LP28",KKKKKLKKILKKLFQFINQLDNQLQDIKKKKK,Lipid Bilayer,
23371,Thanatin-like Rip-2,KVVPIIYCNRRTRVCRRF,Membrane Protein    Lipid Bilayer,
23372,Thanatin-like Rip-3,AVRVTRICNLRTRRCVYIIRRI,Lipid Bilayer,
23373,Rip-4,AARVTIIRIRNKRTGKVTIIVIRRK,Lipid Bilayer,
23428,G(RI)2,IRIRpGRIRI,Lipid Bilayer,
23429,G(RI)2R,RIRIRpGRIRIR,Lipid Bilayer,
23430,G(RI)3,IRIRIRpGRIRIRI,Lipid Bilayer,
23431,G(KW)2K,KWKWKpGKWKWK,Lipid Bilayer,
23432,G(RF)2,FRFRpGRFRF,Lipid Bilayer,
23433,G(RF)2R,RFRFRpGRFRFR,Lipid Bilayer,
23434,G(RF)3,FRFRFRpGRFRFRF,Lipid Bilayer,
23435,D-G(RF)3,frfrfrpGrfrfrf,Lipid Bilayer,
23563,,RRWFKIRMAAKLA,Lipid Bilayer,
23564,,AIPKRLRRFYLRALARRL,Lipid Bilayer,
23565,,KWRKVRAKFWRKWLAGLINT,Lipid Bilayer,
23566,,KWKKWVRAIKKLV,Lipid Bilayer,
23567,,VKRFRRWWKPWRKILHLV,Lipid Bilayer,
23568,,SKLWKKIVKALKAALKTL,Lipid Bilayer,
23569,,RVLWIKRWIKRFFRP,Lipid Bilayer,
23570,,IRFYWRRVQVWRGIWRRLVR,Lipid Bilayer,
23571,,RKKWWAYLLAKIAKKVK,Lipid Bilayer,
23572,,LWRFKRWWWWKKIL,Lipid Bilayer,
23573,,GIKKFAKLLKYIAGKL,Lipid Bilayer,
23574,,RRWGKLIKKIAKKFGG,Lipid Bilayer,
23575,,YKWVANVAKKLIKLLKVLK,Lipid Bilayer,
23576,,AKKFKIWGAIKRLLA,Lipid Bilayer,
23577,,KKFLKLIKGIKR,,
23578,,KWKWPPRWPPWRPVWKVI,Lipid Bilayer,
23579,,LFKVIFGIVKKKKLLPKFF,Lipid Bilayer,
23580,,AVWRWLWKGSLAKGIIKFLK,Lipid Bilayer,
23853,,KXKXXG,Lipid Bilayer,
23854,,KXKXXG,Lipid Bilayer,
23855,,KXKXKXXG,Lipid Bilayer,
23856,,KXKXKXXG,Lipid Bilayer,
23857,,KKKXXXXG,Lipid Bilayer,
23858,,KKKXXXXG,Lipid Bilayer,
23933,"Alpha-S2-casein (164-222), KNR50",KNRLNFLKKISQRYQKFALPQYLKTVYQHQKAMKPWIQPKTKVIPYVRYL,Lipid Bilayer    Immunomodulation,
24053,(p-ACL)2K,KKYKAYFKFKK    KKYKAYFKFK,Lipid Bilayer,
24060,(p-AppK)2K,KKYKAYFKLKK    KKYKAYFKLK,Lipid Bilayer,
24063,(p-EM-2)2K,KKWRWWLKALK    KKWRWWLKAL,Lipid Bilayer,
24066,(p-MtII)2K,KKYRYYLKPLK    KKYRYYLKPL,Lipid Bilayer,
24199,"Bac7 (1-16)[R1W,P5R,P7W,P15W]+bac7(17–27); B7-B11",WRIRRRWPRLPRPRWRPLPFPRPGPRP,Lipid Bilayer,
24200,"Bac7 (1-16)[R1W,P5R,P7W,P15W]+Tur1A(17–22); B7-T6",WRIRRRWPRLPRPRWRPRFPPP,Lipid Bilayer,
24201,"Bac7 (1-16)[R1W,P5R,P7W,P15W]+Tur1A(17–27); B7-T11",WRIRRRWPRLPRPRWRPRFPPPFPIPR,Lipid Bilayer,
24202,"Bac7 (1-16)[R1W,P5R,P7W,P15W]+ Lip1(17–22); B7-L6",WRIRRRWPRLPRPRWRPWFPPR,Lipid Bilayer,
24203,"Bac7 (1-16)[R1W,P5R,P7W,P15W]+ Lip1(17–27); B7-L11",WRIRRRWPRLPRPRWRPWFPPRFPIPR,Lipid Bilayer,
24337,LL-1,EPRWKGWKKIEKAVRRVRDGIIKAGPAVAVVGQVQGIAG,Lipid Bilayer    DNA / RNA,
24423,Rumicidin-1,RARRPRPPKPRPPHRPRPRPRPWFPPRFP,Lipid Bilayer    Immunomodulation    Ribosome,
24438,Rumicidin-2,RDRRRRPPRPRPPHRPRPRPLPWFPPRFP,Lipid Bilayer    Immunomodulation    Ribosome,
24439,Rumicidin-3,RIKIPRPPKPRRPHRPRPGRRRPWFPPRFP,Lipid Bilayer    Immunomodulation    Ribosome,
24509,H-R Peptide,RRWFRRWRRWFR,Lipid Bilayer    DNA / RNA,
24510,H-K Peptide,RRWFRRWKRWFK,Lipid Bilayer,
24511,H-T Peptide,RRWFRRWTRWFT,Lipid Bilayer,
24512,H-E Peptide,RRWFRRWERWFE,Lipid Bilayer,
24513,H-G Peptide,RRWFRRWGRWFG,Lipid Bilayer,
24514,H-F Peptide,RRWFRRWFRWFF,Lipid Bilayer,
24515,H-I Peptide,RRWFRRWIRWFI,Lipid Bilayer,
24516,H-L Peptide,RRWFRRWLRWFL,Lipid Bilayer,
24517,H-W Peptide,RRWFRRWWRWFW,Lipid Bilayer,
24518,(RRWF)3,RRWFRRWFRRWF,Lipid Bilayer,
24540,Peptidomimetic 5c,X,Lipid Bilayer,
24541,Peptidomimetic 5d,X,Lipid Bilayer,
24542,Peptidomimetic 5e,X,Lipid Bilayer,
24548,Peptidomimetic 10a,X,Lipid Bilayer,
24549,Peptidomimetic 10b,X,Lipid Bilayer,
24550,Peptidomimetic 10c,X,Lipid Bilayer,
24551,Peptidomimetic 10d,X,Lipid Bilayer,
24552,Peptidomimetic 10e,X,Lipid Bilayer,
24662,"HfAMP, ESPR (1-18)[N2K,S10K,G14K]",MKKIFRVIFKKILKRLIV,Lipid Bilayer,
24746,C-7a,rRRRXXX,Lipid Bilayer,
24751,C-12a,RrRrxxx,Lipid Bilayer,
24762,C-7b,rRRRXXX,Lipid Bilayer,
24786,C-15c,RRrrxWx,Lipid Bilayer,
24787,C-16c,rrRRxWx,Lipid Bilayer,
24791,C-20c,rrRRxwx,Lipid Bilayer,
24797,C-15d,RRrrxWx,Lipid Bilayer,
24803,"AMP 1003, (wrk)4",wrkwrkwrkwrk,Lipid Bilayer    DNA / RNA    Immunomodulation,
24942,(KKFL)2,KKFLKKFL,,
24943,(KKFI)2,KKFIKKFI,,
24944,(KKFF)2,KKFFKKFF,Lipid Bilayer,
24945,(KKFW)2,KKFWKKFW,Lipid Bilayer,
24946,(KFKL)2,KFKLKFKL,Lipid Bilayer,
24947,(KFKI)2,KFKIKFKI,Lipid Bilayer,
24948,(KFKF)2,KFKFKFKF,Lipid Bilayer,
24949,(KFKW)2,KFKWKFKW,Lipid Bilayer,
24950,(KKFL)3,KKFLKKFLKKFL,Lipid Bilayer,
24951,(KKFI)3,KKFIKKFIKKFI,Lipid Bilayer,
24952,(KKFF)3,KKFFKKFFKKFF,Lipid Bilayer,
24953,(KKFW)3,KKFWKKFWKKFW,Lipid Bilayer,
24954,(KFKL)3,KFKLKFKLKFKL,Lipid Bilayer,
24955,(KFKI)3,KFKIKFKIKFKI,Lipid Bilayer,
24956,(KFKF)3,KFKFKFKFKFKF,Lipid Bilayer,
24957,(KFKW)3,KFKWKFKWKFKW,Lipid Bilayer,
24958,(KKFL)4,KKFLKKFLKKFLKKFL,Lipid Bilayer,
24959,(KKFI)4,KKFIKKFIKKFIKKFI,Lipid Bilayer,
24960,(KKFF)4,KKFFKKFFKKFFKKFF,Lipid Bilayer,
24961,(KKFW)4,KKFWKKFWKKFWKKFW,Lipid Bilayer,
24962,(KFKL)4,KFKLKFKLKFKLKFKL,Lipid Bilayer,
24963,(KFKI)4,KFKIKFKIKFKIKFKI,Lipid Bilayer,
24964,(KFKF)4,KFKFKFKFKFKFKFKF,Lipid Bilayer,
24965,(KFKW)4,KFKWKFKWKFKWKFKW,Lipid Bilayer,
24966,(KKFI)5,KKFIKKFIKKFIKKFIKKFI,Lipid Bilayer,
24967,(DabDabFI)4,XXFIXXFIXXFIXXFI,Lipid Bilayer,
24968,(RRFI)4,RRFIRRFIRRFIRRFI,Lipid Bilayer,
24969,(OrnOrnFI)4,XXFIXXFIXXFIXXFI,Lipid Bilayer
